CustomerID,Recency,Frequency,Monetary,PC1,PC2,segmento
12347,2,7,4310.0,2.564325070750569,-0.7925554046562617,Champions
12348,75,4,1797.24,0.486377168796911,0.7573567412301455,Loyal Customers
12349,19,1,1757.55,0.15673673024584125,-0.45556025325113103,New Customers
12350,310,1,334.4,-1.6860745304734404,0.6830127607459918,Lost
12352,36,8,1545.41,1.2198309677086454,0.4748168490327027,Loyal Customers
12353,204,1,89.0,-2.1589788927688347,-0.06043452662129606,Lost
12354,232,1,1079.4,-1.014009167273378,0.9255696854083414,Lost
12355,214,1,459.4,-1.3930734091738077,0.5640138621070993,Lost
12356,23,3,2811.43,0.9392748831839182,0.10147971982805136,Loyal Customers
12357,33,1,6207.67,0.5602407748122525,0.3404699983090139,Loyal Customers
12358,2,2,1168.06,1.0508967240127158,-1.650207683782811,New Customers
12359,58,4,6245.53,1.1811215252536316,1.0499526166001085,Loyal Customers
12360,52,3,2662.06,0.6108094358394055,0.5844761911220286,Loyal Customers
12361,287,1,189.9,-1.9274772728463403,0.42908092172403534,Lost
12362,3,10,5154.58,2.8283630927623675,-0.42060354276225975,Champions
12363,110,2,552.0,-0.6863163179207281,0.3692581612779568,Lost
12364,8,4,1313.1,1.1496772840294969,-0.7110447146614026,New Customers
12365,291,2,320.69,-1.315568635987456,0.7859655453384529,Lost
12367,4,1,168.9,-0.43697639014336825,-2.1862670010324416,New Customers
12370,51,4,3545.69,0.9574182993251623,0.7637385953990425,Loyal Customers
12371,45,2,1887.96,0.23983546670828323,0.2573201129792751,Loyal Customers
12372,72,3,1298.04,0.14383779705730998,0.5263724453672038,Loyal Customers
12373,311,1,364.6,-1.645885040644694,0.7164364953642769,Lost
12374,25,1,742.93,-0.35660746902744556,-0.602210507007128,New Customers
12375,11,2,455.42,0.07021034403655348,-1.112669319915875,New Customers
12377,315,2,1628.12,-0.5664691496438087,1.4266503444203917,Loyal Customers
12378,130,1,4008.62,-0.16439645411033016,1.0374508249900536,Loyal Customers
12379,82,2,850.29,-0.36819120386920645,0.34179146677194955,Loyal Customers
12380,22,4,2720.56,1.1414367845501527,0.14955057586279175,Loyal Customers
12381,5,5,1803.96,1.6216285335865268,-0.7817493157325214,Champions
12383,185,5,1839.31,0.32082630491349845,1.4049919533300779,Loyal Customers
12384,29,2,566.16,-0.1750221751771056,-0.4519855765019563,New Customers
12386,338,2,401.9,-1.2643805272485265,0.9626431496753759,Lost
12388,16,6,2780.66,1.5713939084683908,0.09688061334244626,Champions
12390,80,1,549.84,-0.9344913191637207,0.00968023367048772,Lost
12391,22,1,460.89,-0.5387795555707852,-0.8535395161987477,New Customers
12393,72,4,1582.6,0.44068550871026135,0.6855211343501267,Loyal Customers
12394,64,2,1272.48,-0.08146286125356195,0.3332468853770468,Loyal Customers
12395,19,12,2998.28,2.1051276495669455,0.46892668719120234,Champions
12397,36,2,2409.9,0.44009425560464566,0.2079389917045154,Loyal Customers
12398,46,1,1635.66,-0.203740728884876,0.06061949022128427,Loyal Customers
12399,119,4,1108.65,0.080218945562818,0.8715332090771793,Loyal Customers
12401,303,1,84.3,-2.335066651465389,0.170137948868224,Lost
12402,323,1,225.6,-1.8900629229877783,0.5662519857383367,Lost
12403,50,1,409.7,-0.8990165212293285,-0.3908395727776364,Lost
12405,149,1,1710.39,-0.6250376192146839,0.8134783295112045,Lost
12406,22,2,3280.75,0.7696059237050267,0.018431128827862086,Loyal Customers
12407,50,5,1708.12,0.7789522722293724,0.5567690143566225,Loyal Customers
12408,33,5,2842.57,1.1781832553602236,0.4847310981067434,Loyal Customers
12409,79,3,11056.93,1.1375938809399586,1.3640929337955237,Loyal Customers
12410,309,2,681.08,-0.9773755763673784,1.097531835827533,Lost
12412,75,3,1226.88,0.10141121562783106,0.5314270987479515,Loyal Customers
12413,67,3,694.15,-0.12943634095553566,0.2537196787472434,Loyal Customers
12414,217,3,562.41,-0.674829117054901,0.9166887962895952,Lost
12415,24,21,123725.45,4.28231087273596,2.169896151162783,Champions
12417,3,9,3578.8,2.5669911229493736,-0.5905728886774597,Champions
12418,113,1,668.58,-0.9711056833768453,0.2976641807106109,Lost
12420,64,1,600.39,-0.8083595323504653,-0.09803887543935436,Lost
12421,16,4,806.27,0.6729853546562473,-0.4847368594723633,New Customers
12422,96,3,803.56,-0.1947394188543588,0.5323914527732087,Loyal Customers
12423,1,8,1849.11,2.419137352283376,-1.311926081565345,Champions
12424,163,2,1760.96,-0.27858895021093233,1.0388773072905921,Loyal Customers
12425,78,1,777.2,-0.758971557491049,0.11960098303905937,Lost
12426,195,1,582.73,-1.243765546761914,0.5916880612695896,Lost
12427,22,3,708.37,0.29385849073762443,-0.4269726857969319,New Customers
12428,26,9,7877.2,2.217371475690373,0.9086372458306673,Champions
12429,9,4,3750.4,1.61336173715608,-0.26229903036767593,Champions
12430,43,1,256.4,-1.0671280876386149,-0.6546406257572854,Lost
12431,36,15,6416.39,2.423488496901522,1.2173047713803617,Champions
12432,43,5,5059.32,1.3566792605239435,0.8582063159181893,Loyal Customers
12433,1,7,13375.87,3.2629494001388624,-0.6376962245682631,Champions
12434,85,2,765.19,-0.4323297936446165,0.32598725135092643,Loyal Customers
12435,80,2,7829.89,0.7070594324708993,1.1341422377863875,Loyal Customers
12436,100,1,509.01,-1.0556749070453437,0.12171244457687432,Lost
12437,2,18,4896.66,3.4074909173662955,-0.40869955328900764,Champions
12438,14,2,2906.85,0.8745773242132979,-0.2969189107178476,Loyal Customers
12441,367,1,173.55,-2.0640055066824345,0.5520737640004114,Lost
12442,3,1,172.06,-0.34299155511667795,-2.3211959393877293,New Customers
12444,21,5,5005.46,1.6159854788618206,0.4143443382715806,Champions
12445,22,1,133.4,-1.1317805253390596,-1.3029489631617754,New Customers
12446,58,1,1002.31,-0.5255565096376906,0.026808365745017944,Lost
12447,243,1,476.49,-1.423838879105634,0.6575956802526115,Lost
12448,44,1,449.45,-0.8068877327704718,-0.4366538388629939,Lost
12449,22,4,4067.29,1.334547804465628,0.29590095484546547,Loyal Customers
12450,156,2,197.88,-1.3098314949540262,0.21704393460485563,Lost
12451,11,5,8933.52,2.125453890824911,0.24045663911494902,Champions
12452,17,2,428.57,-0.11360413625185446,-0.8773766767016161,New Customers
12453,134,1,707.09,-1.0087492037959407,0.42534057750980875,Lost
12455,73,6,2466.86,0.9527445383418404,0.9869111060412892,Loyal Customers
12456,44,3,3153.89,0.7546460414873867,0.5423111201953066,Loyal Customers
12457,66,7,1917.78,0.9904698818609495,0.8843072379423558,Loyal Customers
12458,71,2,947.4,-0.26205984303454183,0.29087284221064796,Loyal Customers
12461,94,2,826.88,-0.43310413962114697,0.4173529465111566,Loyal Customers
12462,19,2,1124.01,0.30866673108175685,-0.46001653414696647,New Customers
12463,53,4,1303.63,0.46261926749954096,0.4236192999493994,Loyal Customers
12464,10,8,1212.05,1.5659884867531422,-0.3835223577454874,Champions
12465,17,2,733.89,0.14431567313140953,-0.6819105563999297,New Customers
12468,188,2,724.04,-0.7592521048951998,0.8056831717889,Lost
12471,2,30,18740.92,4.494636258773436,0.27080144416715246,Champions
12472,32,7,6229.48,1.8263978133831251,0.8635485229866342,Champions
12473,29,5,2848.23,1.2268900963227243,0.406009240962942,Loyal Customers
12474,17,18,7116.47,2.903461184355715,0.8646735762616524,Champions
12475,54,1,723.38,-0.6552450319522138,-0.1363365824834313,Lost
12476,16,11,6546.58,2.469803957144341,0.618761971830729,Champions
12477,23,6,13117.01,2.184832477293206,0.8803670541701151,Champions
12478,4,1,680.99,0.23062301092773438,-1.6803226722306641,New Customers
12479,11,1,477.3,-0.2738005321832166,-1.2537827166078597,New Customers
12480,28,4,3281.63,1.1430384401040738,0.36491926219400556,Loyal Customers
12481,23,10,5590.86,2.1837996056112443,0.7462652133594341,Champions
12483,17,8,2327.13,1.6912575977533122,0.16639850904172057,Champions
12484,33,6,4495.27,1.5376140709763346,0.7116591514309368,Loyal Customers
12488,10,3,1298.66,0.8661093782264153,-0.6747353216641666,New Customers
12489,336,1,334.93,-1.7159479500391774,0.7345506498424462,Lost
12490,5,10,5417.93,2.6976025855342542,-0.14510361843421898,Champions
12491,39,1,460.4,-0.7504144046274127,-0.5026715463088578,New Customers
12492,63,2,263.21,-0.8310325823781602,-0.24914302986591824,Lost
12493,166,2,416.79,-0.9768328988721884,0.5264561894788429,Lost
12494,16,7,1139.35,1.2637556748748628,-0.1756517964704768,Loyal Customers
12497,82,1,1043.1,-0.6366264324613444,0.2579535413451789,Lost
12498,21,3,403.7,0.04122745625521475,-0.6594983836779494,New Customers
12500,23,11,4206.27,2.1257899705495213,0.6766370808715064,Champions
12501,337,1,2089.68,-0.8388256976644439,1.4020205638829537,Lost
12502,96,5,3723.87,0.907903573212483,1.2484388833242799,Loyal Customers
12504,18,2,114.0,-0.7672683451259786,-1.3228089792792128,New Customers
12506,233,1,73.5,-2.3002497396086983,-0.04525904702150092,Lost
12507,134,3,1258.06,-0.10573966826293761,0.9052388755932838,Loyal Customers
12508,26,2,398.27,-0.30343174456909666,-0.6466411196975401,New Customers
12509,284,1,176.5,-1.9584421067207307,0.39593989758353915,Lost
12510,143,2,982.57,-0.5090152708383167,0.7440949427347223,Loyal Customers
12512,66,2,138.03,-1.1569235492862975,-0.4537993953981987,Lost
12513,113,1,586.79,-1.0336867352953725,0.250236744050499,Lost
12514,267,1,1017.68,-1.09565791468597,0.9929861074558466,Lost
12515,353,1,383.7,-1.6696064713097096,0.8151382126172623,Lost
12516,78,2,1312.06,-0.14117926913590514,0.46820131363031775,Loyal Customers
12517,28,5,2464.89,1.1704147291493485,0.3318883640969953,Loyal Customers
12518,1,5,2056.89,2.1037610833748883,-1.4313385642760328,Champions
12519,64,1,340.84,-1.0797123329792924,-0.3036852711107197,Lost
12520,79,5,2582.51,0.8056619788390383,0.9929389217133547,Loyal Customers
12521,143,1,599.68,-1.1123942526450068,0.4064178255192876,Lost
12522,39,2,192.72,-0.8007876497426073,-0.6604445914542378,New Customers
12523,19,11,1745.57,1.7730397241886853,0.2408614720340771,Champions
12524,9,8,4485.72,2.2306471354795097,0.03213896267301206,Champions
12526,1,3,1316.66,1.5231041839058799,-1.75179561107368,New Customers
12527,82,3,348.71,-0.5354998633038234,0.13013988140487506,Lost
12528,9,6,1922.28,1.5965782646507118,-0.3742654863836184,Champions
12530,60,4,1623.63,0.5214873392160696,0.5808433375984183,Loyal Customers
12531,15,1,125.22,-1.0234898922004572,-1.5561582134305476,New Customers
12532,30,1,349.83,-0.7847687852935316,-0.7641948634555916,New Customers
12534,131,1,1089.18,-0.792889474471685,0.5681691795339651,Lost
12535,92,2,716.35,-0.49382340792379725,0.35167889599848773,Lost
12536,43,3,4106.82,0.8900040564684619,0.6241310008733891,Loyal Customers
12538,29,1,363.95,-0.7533048459956676,-0.7706432994550273,New Customers
12539,22,4,3852.5,1.308492913114384,0.27615509453528764,Loyal Customers
12540,20,17,13309.04,3.0964643908083254,1.1693054911464404,Champions
12541,30,3,981.18,0.33628497258325213,-0.11905040495640332,Loyal Customers
12544,36,1,355.7,-0.8442998967493852,-0.6458496780581415,New Customers
12545,75,2,1000.39,-0.2565714135139202,0.34498343717832897,Loyal Customers
12546,47,2,1141.5,-0.01792768000811096,0.10129232734582312,Loyal Customers
12547,198,2,207.8,-1.3768917848453601,0.3852339075251614,Lost
12548,166,1,95.2,-2.0487609855806777,-0.1663137603692661,Lost
12550,79,1,964.83,-0.6600118797128675,0.20621936200648242,Lost
12551,358,1,168.0,-2.070080447119172,0.5245942713050377,Lost
12552,39,2,437.82,-0.4080133542490773,-0.3627781660721392,New Customers
12553,8,10,3652.25,2.3535165618586484,-0.03127375411844514,Champions
12556,50,2,603.71,-0.34667065719142215,-0.09183821901370223,New Customers
12557,16,5,11990.96,2.1339446474947774,0.5686819748182166,Champions
12559,311,2,536.21,-1.094517535935066,1.0146963934695052,Lost
12560,5,3,2101.39,1.328396749114649,-0.8843794641616529,New Customers
12561,303,1,238.85,-1.838457057677551,0.5464965962882077,Lost
12562,8,7,3781.74,2.0823949780716706,-0.14281272274208803,Champions
12564,261,1,456.9,-1.4711169371089468,0.6875234339509578,Lost
12565,289,1,131.17,-2.106725115586879,0.2996304357988366,Lost
12566,86,1,346.7,-1.1827673175217657,-0.11245837793618424,Lost
12567,23,10,9114.94,2.418554999866845,0.9241760386068592,Champions
12569,2,32,4064.99,3.8171162359379402,-0.2611025066898914,Champions
12571,40,2,519.61,-0.335335627692629,-0.28488610574529927,New Customers
12572,9,2,1004.72,0.5192709460510236,-0.9407876258013168,New Customers
12573,227,1,160.54,-1.9185673814049655,0.22000327843171252,Lost
12574,316,1,218.45,-1.89713106328122,0.5407163931640203,Lost
12576,36,5,1306.98,0.772891183772213,0.2556981439994356,Loyal Customers
12577,35,3,595.4,0.039605103644001986,-0.2057429961954458,Loyal Customers
12578,21,2,2753.36,0.7024107895450469,-0.07356082685108181,Loyal Customers
12579,78,1,410.72,-1.0647846240591545,-0.11216133798066022,Lost
12580,247,1,415.7,-1.495455631175862,0.6183431112183807,Lost
12581,40,1,197.71,-1.1644949126893078,-0.7936722200192173,Lost
12582,239,2,511.36,-1.0171718865444797,0.8309224537270766,Lost
12583,3,15,7187.34,3.326712296412425,-0.15344737820348248,Champions
12584,4,9,1893.95,2.176297817235444,-0.6805062971289646,Champions
12585,234,2,1982.81,-0.35886089382388,1.3103768640797941,Loyal Customers
12586,17,1,179.94,-0.895431426050789,-1.3502919461204457,New Customers
12587,8,1,144.0,-0.7373508893137056,-1.8708684316783062,New Customers
12588,39,1,214.9,-1.1152198146840604,-0.7791415791432793,Lost
12589,29,2,646.68,-0.11125253952248142,-0.40365736431745125,New Customers
12590,211,2,9861.38,0.4507837738326305,1.828813032633475,Loyal Customers
12591,317,1,452.85,-1.549286600809605,0.8072423004461916,Lost
12592,92,2,437.6,-0.7301464254027522,0.17258003781052744,Lost
12593,109,3,418.1,-0.5560030071190822,0.374800340558385,Lost
12594,38,10,3320.22,1.7483157897747335,0.8647778579859493,Champions
12596,51,2,618.27,-0.3426501827626285,-0.07085146514256416,Loyal Customers
12597,19,4,3683.13,1.340223539829523,0.17108029658421975,Loyal Customers
12598,10,8,3002.68,2.001526298318616,-0.05344733762601975,Champions
12599,29,7,1032.58,0.9998389149903939,0.14908141644111575,Loyal Customers
12600,29,10,2581.04,1.7274813380834295,0.6065975223362283,Champions
12601,190,5,569.56,-0.25182355464928985,0.9955130282963188,Loyal Customers
12602,59,1,153.12,-1.431830806401412,-0.6444895921883551,Lost
12603,22,1,739.2,-0.3122473099943062,-0.6818606549591099,New Customers
12604,79,2,254.18,-0.9328696497364245,-0.12016495427386852,Lost
12609,78,3,1126.85,0.04582243783025129,0.5250660274518626,Loyal Customers
12610,23,5,2057.99,1.1559876252718144,0.1461194394500201,Loyal Customers
12611,52,1,1193.32,-0.4009280903265405,0.02217771389745323,Loyal Customers
12612,74,1,643.59,-0.8296321090076264,0.01804633543056428,Lost
12613,57,5,3218.98,1.0341377865660262,0.8689888381304178,Loyal Customers
12614,278,1,315.6,-1.6723582770869958,0.5930927164932911,Lost
12615,2,4,2291.19,1.8360628731647737,-1.205839535989585,Champions
12616,95,2,657.25,-0.5472364780382627,0.3405311825960004,Lost
12617,29,1,355.53,-0.7645172719431087,-0.7791407057006232,New Customers
12618,22,1,177.31,-0.995982713034375,-1.200033752499497,New Customers
12619,16,9,3214.81,1.9634619334914252,0.2888057301455331,Champions
12620,15,3,1339.41,0.737987974896768,-0.4256643888771753,Loyal Customers
12621,2,20,13612.07,3.989010797423531,0.002487920879464351,Champions
12622,232,1,180.1,-1.871940626718638,0.27538103078920456,Lost
12623,276,1,305.1,-1.6858146192343357,0.5762481596148298,Lost
12624,106,2,641.13,-0.6005334402817285,0.40036190482146244,Lost
12625,212,2,2614.32,-0.1886061627209115,1.3485950584578672,Loyal Customers
12626,23,9,6388.35,2.1616890949889562,0.7576216418295273,Champions
12627,11,7,4478.53,2.053853180210703,0.10133791379724925,Champions
12628,4,3,769.61,0.9158483200961368,-1.3654734950044993,New Customers
12630,10,2,1270.88,0.5956922952518199,-0.7948168933178572,New Customers
12631,57,1,640.5,-0.7338736789489148,-0.14685914407208372,Lost
12633,59,4,2140.63,0.6605093515348233,0.6709310802380687,Loyal Customers
12635,90,2,1689.18,-0.07385255462113015,0.6498714506448611,Loyal Customers
12637,67,8,5953.25,1.6352440221341271,1.3518988490207997,Loyal Customers
12638,33,1,671.69,-0.5073079453489884,-0.46857839181626487,New Customers
12639,239,1,486.1,-1.4079610399855702,0.6543578507678716,Lost
12640,24,3,1174.58,0.5046933567909719,-0.1901563039482627,Loyal Customers
12641,115,1,185.9,-1.5907105037143727,-0.15583942650312146,Lost
12642,25,3,1013.26,0.4188285575922504,-0.21899458047233045,Loyal Customers
12643,128,6,3344.64,0.8868935113953884,1.4504444972534458,Loyal Customers
12644,130,1,477.91,-1.1851210025929557,0.2638884225298734,Lost
12645,34,4,1755.38,0.770884540351947,0.2566161932931866,Loyal Customers
12646,5,2,1346.97,0.8548527953244441,-1.1584019892546702,New Customers
12647,22,12,3669.92,2.1488716232898946,0.6312003771708805,Champions
12648,155,1,318.05,-1.4468591943002231,0.22689066554645093,Lost
12649,107,3,603.71,-0.3728855313657449,0.4966248075304183,Loyal Customers
12650,3,1,314.44,-0.05462013043342421,-2.1026518743797347,New Customers
12651,335,1,114.0,-2.2297403678286343,0.3424243597273569,Lost
12652,331,1,914.53,-1.2286412544244014,1.090049045658587,Lost
12653,149,2,2209.85,-0.13552927965950373,1.0648578772984252,Loyal Customers
12654,11,5,601.98,0.8305166246289214,-0.7409195648402735,New Customers
12656,17,5,3982.72,1.5827771262580963,0.2037832840670651,Champions
12657,11,4,1152.06,0.9771240509355607,-0.5760340336430333,New Customers
12658,19,1,686.05,-0.29471881758185453,-0.7976986280954719,New Customers
12659,30,1,91.68,-1.4241925515648075,-1.2487861134282228,New Customers
12660,11,1,245.1,-0.5929963487243547,-1.4956872373386108,New Customers
12662,1,11,3817.08,3.027193864641607,-0.9359623832913452,Champions
12664,8,9,4863.88,2.4049504243620627,0.03581873169162159,Champions
12665,325,1,61.75,-2.509199541357647,0.10272085595895154,Lost
12667,58,1,620.13,-0.7558959319381714,-0.14775578788578195,Lost
12668,12,4,3743.18,1.5123403414096974,-0.09646790120842921,Loyal Customers
12669,151,3,1607.73,-0.03326442048338351,1.069741132779985,Loyal Customers
12670,10,5,2986.15,1.6323721369468593,-0.21361572824053268,Champions
12672,330,1,225.9,-1.8975822310098553,0.580301051331246,Lost
12673,5,2,610.52,0.4751768674545453,-1.4461417358454092,New Customers
12674,39,4,1919.31,0.7628031558578673,0.37385748931985796,Loyal Customers
12676,25,6,1331.39,1.0557180096269219,0.0986098436231313,Loyal Customers
12678,42,12,17588.26,2.6627971724903734,1.5987537601596513,Champions
12679,59,4,1058.67,0.32252710655965366,0.41478914870468814,Loyal Customers
12680,1,4,862.81,1.5219709985041172,-1.8184735850778948,New Customers
12681,15,22,13677.59,3.434899583370175,1.1022567770588387,Champions
12682,4,31,12288.22,4.125717290616052,0.4537863619379946,Champions
12683,4,15,8221.09,3.3061220590593643,0.03710410924050017,Champions
12684,8,7,2283.63,1.8401787291696345,-0.3263778027571507,Champions
12685,28,6,2863.08,1.3816592424700131,0.44651251311540613,Loyal Customers
12686,372,1,89.14,-2.386595332414886,0.3200651606486078,Lost
12688,114,1,4873.81,-0.020844331159048414,1.0258944111316148,Loyal Customers
12689,26,2,1247.61,0.24424390913564525,-0.23158174341567211,Loyal Customers
12690,206,1,389.01,-1.4583086790905755,0.47954241660601665,Lost
12691,28,6,1035.8,0.8935668850291849,0.07660870585843078,Loyal Customers
12693,127,4,830.96,-0.08275313622179302,0.8076490988077009,Loyal Customers
12694,70,2,869.67,-0.2978006067201795,0.2508649959857475,Loyal Customers
12695,7,4,582.1,0.8043017549972259,-1.0816060600990571,New Customers
12697,29,3,939.02,0.32771998046346973,-0.15583501382576712,Loyal Customers
12700,8,4,4867.99,1.778814458510674,-0.23424922180082017,Champions
12701,80,2,797.71,-0.3895104667603233,0.3030999678852425,Loyal Customers
12702,20,1,219.0,-0.8603511566610681,-1.1812907561941932,New Customers
12703,71,1,274.7,-1.2220237153436047,-0.3170443363299219,Lost
12704,7,8,2220.84,1.9781931355141038,-0.36534078618289456,Champions
12705,15,9,6814.24,2.3473769632264028,0.5237487572413856,Champions
12707,292,1,603.42,-1.3804257189683034,0.8595691122252176,Lost
12708,30,10,2616.32,1.721490462404644,0.6323508769059955,Champions
12709,15,15,9294.1,2.921283840292317,0.8200537557113212,Champions
12710,97,3,1130.57,-0.03481986623988321,0.6630631595779477,Loyal Customers
12712,29,13,4241.63,2.1840156465533447,0.8814508850504434,Champions
12713,1,1,848.55,0.6857320336838287,-2.1819502113614817,New Customers
12714,9,5,4708.86,1.8874584097376288,-0.10835136220218784,Champions
12715,106,1,353.86,-1.251919539173343,0.02630229745958509,Lost
12716,4,2,1053.49,0.8064637642107557,-1.3635155715617446,New Customers
12717,151,2,980.98,-0.530419898967937,0.7778244678865093,Loyal Customers
12718,71,1,238.25,-1.2901400768698932,-0.36866674155908247,Lost
12719,5,2,608.1,0.4732721633039969,-1.4475852276482313,New Customers
12720,3,25,5713.28,3.6553293749489275,-0.047609936018671827,Champions
12721,32,6,2628.98,1.2914026770316887,0.4974860297801952,Loyal Customers
12722,85,4,904.33,0.10956629531875375,0.5859916817377842,Loyal Customers
12723,4,5,725.07,1.2537532786684529,-1.2289875057081827,New Customers
12724,5,4,1031.41,1.188479933875702,-1.0562354690837987,New Customers
12725,371,1,427.8,-1.636397105483271,0.8861273267737307,Lost
12726,28,7,2609.1,1.4577543092922336,0.4647947547330331,Loyal Customers
12727,11,7,3947.7,1.9932652111340698,0.05542094727697065,Champions
12728,71,4,836.33,0.1398476973207855,0.44478608654821206,Loyal Customers
12729,114,1,453.01,-1.1610706282510244,0.16176687051554045,Lost
12731,24,12,18793.41,2.9015358281103745,1.2786454694225586,Champions
12732,180,1,236.26,-1.6458449015023848,0.21341329670510228,Lost
12733,234,1,383.95,-1.5129832028273773,0.5553155152823882,Lost
12734,353,1,110.4,-2.2649276230879574,0.36397040138990033,Lost
12735,315,2,779.57,-0.9199001632143267,1.1588004682045459,Lost
12736,333,1,234.0,-1.8841755169847358,0.5987971499251162,Lost
12738,372,1,155.35,-2.122048094237828,0.5205539187887614,Lost
12739,78,2,1013.04,-0.26531155064761003,0.3741268975189349,Loyal Customers
12740,64,1,427.6,-0.9710650777628159,-0.22134627780356259,Lost
12743,134,2,546.43,-0.7658587124802926,0.48981926604236464,Lost
12744,52,7,9120.39,1.828738039991769,1.3030378501130635,Champions
12747,2,11,4196.01,2.9179560995519513,-0.6441513159219155,Champions
12748,1,209,29072.1,6.589513170154262,0.9195187739186,Champions
12749,4,5,3868.2,2.057461987989104,-0.6198918971186966,Champions
12750,129,1,275.88,-1.445397544650676,0.05955672950418828,Lost
12752,81,1,4366.78,0.05543352755094903,0.7712368785113892,Loyal Customers
12753,23,6,21024.01,2.4114285782710647,1.0520943086200218,Champions
12754,236,3,2949.12,0.08856171184869684,1.5724326289660921,Loyal Customers
12755,281,2,2203.2,-0.3778162165950089,1.4644531119162612,Loyal Customers
12756,87,1,112.08,-1.7266833619467743,-0.5141098668797924,Lost
12757,16,13,4227.7,2.399130540267419,0.5197328764900826,Champions
12758,117,2,2791.59,0.06822282343396699,0.9975891264210341,Loyal Customers
12759,52,3,1531.44,0.3453583936171492,0.383302479504861,Loyal Customers
12762,8,2,1898.52,0.8649239920271206,-0.7761718884091617,New Customers
12763,138,2,494.08,-0.8252816085604345,0.47176151870206295,Lost
12764,317,1,1693.88,-0.9163709698119903,1.2869013199112744,Lost
12766,4,7,6989.63,2.6016410866749853,-0.29233809126550825,Champions
12769,239,1,1143.6,-0.9975742591690082,0.9653720069163486,Lost
12770,211,1,1351.45,-0.8700930557159159,0.9473757406634636,Lost
12772,60,1,892.47,-0.5939705844975898,0.005758899025928716,Lost
12775,17,5,1351.24,1.0637761296954933,-0.18954482622186736,Loyal Customers
12778,20,6,804.23,0.8952923788402402,-0.22028469605270554,Loyal Customers
12779,38,8,3868.7,1.640347570489485,0.8421439885444554,Champions
12781,64,2,707.72,-0.3629738254816948,0.11990206269112205,Loyal Customers
12782,5,5,2273.32,1.7326590131387205,-0.6976041811451534,Champions
12783,2,6,1603.87,1.968973359320869,-1.2043595010123622,Champions
12784,9,2,574.42,0.251060663711522,-1.144052444580778,New Customers
12785,364,1,305.71,-1.7901107248368344,0.7520841890465172,Lost
12787,10,3,463.66,0.37203954388022725,-1.0491691967072396,New Customers
12789,65,1,91.85,-1.7116110614109166,-0.7684684451466341,Lost
12790,192,1,324.92,-1.5178251760594539,0.36974005310754765,Lost
12791,374,1,192.6,-2.0214378781772435,0.601742492423604,Lost
12792,257,1,400.54,-1.5283389054243108,0.6299437267092096,Lost
12793,335,2,545.48,-1.114572656594862,1.067963726044363,Lost
12794,53,2,860.41,-0.19851760105311583,0.07324750839009374,Loyal Customers
12795,19,1,430.48,-0.518173073836089,-0.9670448161194005,New Customers
12797,366,1,194.18,-2.0093064721656853,0.5910138279982855,Lost
12798,10,3,6977.04,1.6734249588039465,-0.06290622341874462,Champions
12802,187,1,412.58,-1.3933910487115155,0.4397932418345247,Lost
12808,37,3,483.65,-0.08068858556654455,-0.24695715666433915,New Customers
12809,178,1,484.36,-1.297799436677122,0.466916359112183,Lost
12811,261,3,514.85,-0.7873337528493921,1.0012796879092394,Lost
12812,45,1,229.64,-1.1368172164512829,-0.6663872540886138,Lost
12814,102,1,125.92,-1.7312684530789606,-0.37217459212371395,Lost
12815,148,2,1063.46,-0.4840731350975672,0.7945319997809028,Loyal Customers
12816,96,2,572.2,-0.6176471681338455,0.29674388796796486,Lost
12817,281,1,166.04,-1.9835803209372997,0.3671122394480741,Lost
12818,262,1,1517.88,-0.8965876852915398,1.1264534894187181,Lost
12820,3,4,942.34,1.2998314056773017,-1.3464446507685752,New Customers
12821,214,1,92.72,-2.157694426509962,-0.015458897729410835,Lost
12822,71,2,918.98,-0.2766743590342446,0.2797971410096444,Loyal Customers
12823,75,5,1759.5,0.6409905818899408,0.8207532833341397,Loyal Customers
12824,60,1,397.12,-0.9822698002114275,-0.2885160595096776,Lost
12826,3,7,1468.12,1.9374650212806166,-1.0018439499593295,Champions
12827,6,3,430.15,0.5085243256703278,-1.3633094521831208,New Customers
12828,3,6,1018.71,1.6413655840532824,-1.1868578623056694,Champions
12829,337,2,253.05,-1.4847725413319977,0.7928883891634898,Lost
12830,38,6,6748.4,1.6803924419914833,0.9466208020419898,Loyal Customers
12831,262,1,215.05,-1.833384448932461,0.41649627698930836,Lost
12832,32,2,383.03,-0.39868476900618033,-0.5334353133850785,New Customers
12833,145,1,417.38,-1.2913875899389993,0.28350987413734374,Lost
12834,283,1,312.38,-1.6840454192410013,0.6006457675184848,Lost
12836,59,4,2612.86,0.7562252376483325,0.7434699556140355,Loyal Customers
12837,173,1,134.1,-1.9013048850408414,-0.016627714208429917,Lost
12838,34,2,683.13,-0.1437633941272258,-0.28588052511331047,New Customers
12839,3,14,5583.62,3.147112766994458,-0.27052148850825486,Champions
12840,144,4,2714.27,0.4378640829751137,1.317412039950563,Loyal Customers
12841,5,25,3876.4,3.3143549535592696,0.06857807530492674,Champions
12842,70,2,1118.99,-0.1768415166949871,0.3425345893333183,Loyal Customers
12843,66,8,1680.76,1.0336008169504622,0.8822525978067414,Loyal Customers
12844,29,2,325.96,-0.4396032999657311,-0.65250001581995,New Customers
12845,267,4,354.09,-0.7736568123833374,0.9667443940007697,Lost
12847,22,1,871.54,-0.2332346821438898,-0.6219804470072966,New Customers
12849,31,2,1050.89,0.09707164756811647,-0.18615230431314703,Loyal Customers
12851,97,1,135.18,-1.678456814804579,-0.37812419714955625,Lost
12852,295,1,299.75,-1.7195949447137426,0.6119389541448231,Lost
12853,135,6,1881.7,0.5905528111040417,1.2746805202174945,Loyal Customers
12854,79,3,1289.15,0.10560488772272157,0.581993702330653,Loyal Customers
12855,373,1,38.1,-2.7888290296792144,0.017703421738073218,Lost
12856,8,6,2162.68,1.6933503430559085,-0.3982657272070952,Champions
12857,211,2,1106.4,-0.5996139820102592,1.0327626067310962,Lost
12863,52,1,504.2,-0.8142146790810485,-0.29103407960429933,Lost
12864,138,1,147.12,-1.7714273915753653,-0.12568353553458167,Lost
12865,26,2,1548.07,0.3478198319649902,-0.15308609067565954,Loyal Customers
12866,283,1,559.12,-1.4050868336683267,0.8120562542783856,Lost
12867,26,7,3986.22,1.6885460506572294,0.5736828142050663,Champions
12868,186,6,1607.06,0.3933162261685568,1.4194138233409783,Loyal Customers
12871,84,2,380.64,-0.7626519741210631,0.0648449113767048,Lost
12872,327,2,599.97,-1.0597226457410154,1.087269108848447,Lost
12873,282,1,374.0,-1.5964714387286314,0.6637554407355739,Lost
12875,143,2,343.23,-1.0133295133077607,0.3618972797320191,Lost
12876,58,2,2218.02,0.22223375569182005,0.4739284659771121,Loyal Customers
12877,4,12,1535.77,2.312812151021633,-0.6544359239167928,Champions
12878,236,2,841.64,-0.7733904882536545,1.0040525158252318,Lost
12879,45,3,552.57,-0.08971054309019448,-0.07728405024321325,Loyal Customers
12881,276,1,298.0,-1.6970877151618724,0.5677047742501564,Lost
12882,9,2,1463.04,0.6996422455624942,-0.8040921225998153,New Customers
12883,25,4,703.47,0.44545558335979824,-0.2646343070111966,Loyal Customers
12884,88,1,309.05,-1.246490253448957,-0.13975321925471149,Lost
12885,63,3,1158.27,0.13935500600962117,0.40141551192004066,Loyal Customers
12886,68,2,1351.09,-0.07547426893134539,0.392958264888492,Loyal Customers
12888,214,2,313.77,-1.2092266134287069,0.5837459213324856,Lost
12890,24,1,380.47,-0.6624801702026213,-0.8702529142811102,New Customers
12891,186,3,331.0,-0.8703563025067055,0.6267979739709417,Lost
12893,31,1,188.14,-1.0936514262387966,-0.968951768741552,New Customers
12895,42,2,347.3,-0.546578815663943,-0.40097587205716995,New Customers
12897,205,2,216.5,-1.3704722464786945,0.42203846738962014,Lost
12901,9,28,16293.1,3.9077889151485627,0.9580430127254578,Champions
12902,265,1,138.68,-2.047221193074832,0.26491758390186837,Lost
12904,18,2,509.58,-0.051244267697492296,-0.7801657104577593,New Customers
12906,12,5,2919.81,1.5578502495021418,-0.11575612412800884,Champions
12908,176,2,246.0,-1.251490202260903,0.3720340423597262,Lost
12909,40,5,2128.83,0.9679279357642017,0.4983471791329901,Loyal Customers
12910,23,8,3075.04,1.7153185681455956,0.4504144783454479,Champions
12912,3,5,1662.3,1.7370579936677835,-1.06886796881631,Champions
12913,5,5,2483.63,1.7751428584156173,-0.6654075366468927,Champions
12915,149,2,363.65,-1.0012218736014338,0.4087873989727993,Lost
12916,139,4,2982.35,0.4964799708504079,1.3294145888080975,Loyal Customers
12917,128,1,594.0,-1.0749910393460234,0.3331374100894098,Lost
12919,8,6,1301.44,1.4495361853335997,-0.5830417922893438,Champions
12920,17,1,164.23,-0.9390606260226572,-1.3833566047473254,New Customers
12921,9,37,16389.74,4.1549471952508235,1.0656276846973503,Champions
12922,161,1,405.38,-1.3450402758505318,0.33892196807343206,Lost
12923,64,1,176.97,-1.3932532220146936,-0.5413041701097518,Lost
12924,88,4,929.95,0.10988929008116148,0.617915156685471,Loyal Customers
12925,5,2,694.05,0.5366796264878095,-1.3995314901072942,New Customers
12928,35,5,2062.7,1.002394013333425,0.40431515436959437,Loyal Customers
12929,312,1,105.1,-2.2413804994914517,0.2680929751763857,Lost
12930,78,2,409.9,-0.6992389253249851,0.04527235694022096,Lost
12931,22,15,33462.81,3.39815326268258,1.5167301676659246,Champions
12933,24,3,606.28,0.18740610548098752,-0.4306144067324109,New Customers
12935,2,7,2156.45,2.2318029006001825,-1.0445593847654797,Champions
12936,17,4,1012.9,0.7606520450320964,-0.3654910978897562,Loyal Customers
12937,15,4,1504.27,0.9954089096880908,-0.2963955262153512,Loyal Customers
12938,26,1,114.14,-1.2672509749232705,-1.257480105141014,New Customers
12939,64,8,11581.8,1.9720938862813275,1.565497122917567,Champions
12940,55,2,876.29,-0.20361776345012403,0.10298134203109294,Loyal Customers
12942,131,3,683.9,-0.3896288762623629,0.6693296593120844,Loyal Customers
12944,36,2,604.51,-0.22360435579576193,-0.2950490995563504,New Customers
12945,288,1,462.95,-1.502231679840616,0.7545582505673453,Lost
12947,144,6,1407.29,0.4266440061778928,1.2096618377282895,Loyal Customers
12948,16,7,2053.7,1.5465859601085326,0.03869288178684218,Champions
12949,31,8,4143.02,1.748720320083444,0.7415094166266374,Champions
12950,2,3,1843.0,1.5298504723829258,-1.3720853124596373,New Customers
12951,9,6,1042.07,1.302666601543715,-0.5970082552942907,Loyal Customers
12952,6,4,1382.84,1.2703968590732884,-0.8517388303180013,New Customers
12953,10,1,329.85,-0.4176501630899859,-1.4431873629179974,New Customers
12955,1,11,4734.26,3.130608935227549,-0.8575886334173239,Champions
12956,306,1,108.07,-2.2207345468721944,0.2658576993510837,Lost
12957,10,8,3979.04,2.1367239003866696,0.04901300000188356,Champions
12962,7,2,266.39,-0.03194663612347528,-1.5646872004220094,New Customers
12963,8,8,1841.03,1.843206212329217,-0.35882509159312237,Champions
12965,89,1,771.91,-0.8119830732868661,0.19986342239703242,Lost
12966,10,1,160.18,-0.7630940777092382,-1.7049841668700156,New Customers
12967,358,2,1194.75,-0.7637005259981245,1.3950449916989152,Lost
12968,112,1,135.95,-1.7300839568419335,-0.2856720788590431,Lost
12970,7,4,452.24,0.6832826656664933,-1.173321124290852,New Customers
12971,4,86,10930.26,4.973533874745314,0.8012951900980372,Champions
12974,198,1,144.8,-1.9159102321855979,0.09633281880781827,Lost
12976,212,1,738.6,-1.1618130329383827,0.7306415921714677,Lost
12977,156,1,39.24,-2.4438649079268204,-0.5227929202785118,Lost
12980,158,9,7092.06,1.4904900887696337,1.9958517477767788,Loyal Customers
12981,30,2,372.22,-0.38854767464836876,-0.5835136181847175,New Customers
12982,243,1,377.2,-1.5358192050655577,0.5727306986994544,Lost
12984,19,1,97.5,-1.2277360943447344,-1.5047915330544765,New Customers
12985,1,2,1215.62,1.224742779517072,-1.8930549592787742,New Customers
12987,74,2,545.0,-0.5428654756738781,0.11577682914470519,Lost
12988,292,1,535.32,-1.437846518686087,0.8160524045621123,Lost
12989,3,15,6854.51,3.303939850153839,-0.17070561722974503,Champions
12990,31,3,409.5,-0.09488847585670218,-0.41648615389809407,New Customers
12991,23,2,503.76,-0.14587884524588146,-0.6360550499167241,New Customers
12993,23,4,414.76,0.2226840053828559,-0.5074122846055878,New Customers
12994,4,3,902.22,0.9921208453890971,-1.3076698906971111,New Customers
12995,85,1,200.72,-1.439890358507577,-0.3180013745707079,Lost
12997,22,4,1197.94,0.747657623669842,-0.14887739295813465,Loyal Customers
12999,196,3,455.88,-0.7368609403561079,0.7760974380368387,Lost
13000,107,3,534.85,-0.4309578892672874,0.45261431247411243,Loyal Customers
13001,4,13,9797.92,3.2696990548701588,0.048887585280557457,Champions
13002,318,1,120.95,-2.181745332565948,0.3308302421391174,Lost
13003,106,3,149.05,-1.0388455603555107,-0.016671326748494395,Lost
13004,12,18,5613.43,2.9136688102157375,0.571761067844057,Champions
13005,174,2,468.95,-0.9381723467778332,0.5989852633669508,Lost
13006,56,1,81.57,-1.712043860327448,-0.9042391888246512,Lost
13008,323,1,178.47,-2.0020712173544677,0.48136580815539565,Lost
13011,372,1,50.55,-2.6550232317075584,0.11663541951731227,Lost
13012,9,8,1311.62,1.640244671919607,-0.41530119031315976,Champions
13013,1,13,4786.99,3.275266520604447,-0.7934277989426797,Champions
13014,11,10,3365.43,2.2044855297590114,0.12156337218268992,Champions
13015,53,5,3346.28,1.0800252411298927,0.8377460419904269,Loyal Customers
13016,73,3,789.89,-0.09971551714357106,0.35436393380180825,Loyal Customers
13017,7,1,204.0,-0.5260794163231705,-1.819571409109493,New Customers
13018,16,28,7272.75,3.317925029491374,1.0012432439113597,Champions
13021,4,9,2584.4,2.3255381654494225,-0.5674035776146569,Champions
13023,64,2,689.9,-0.3752062657411696,0.11063163230014468,Loyal Customers
13026,1,5,936.15,1.7259173556612726,-1.717689766663745,New Customers
13027,114,6,6912.0,1.2793374874974996,1.641725996499443,Loyal Customers
13028,23,2,659.68,-0.016573815776144085,-0.5380604348215068,New Customers
13029,31,3,1247.5,0.43942075437622236,-0.011556604187488554,Loyal Customers
13030,11,2,799.48,0.34007272798307653,-0.9081524457311279,New Customers
13032,52,2,996.52,-0.12091744754018138,0.11478813845424335,Loyal Customers
13033,357,1,190.55,-2.008851741235634,0.5684197755991682,Lost
13034,55,2,642.77,-0.3522856772924744,-0.009687554559659748,Loyal Customers
13035,74,2,886.63,-0.30944380888971745,0.2926768807915854,Loyal Customers
13037,138,3,881.07,-0.2878134793233452,0.7942293749154963,Loyal Customers
13038,80,3,908.46,-0.06709665515801003,0.462587581430569,Loyal Customers
13040,9,2,676.99,0.32985437050518585,-1.0843381473037519,New Customers
13043,273,1,471.57,-1.4730545535115152,0.7274292852017143,Lost
13044,291,1,560.47,-1.4145288081842604,0.8305653379788503,Lost
13045,99,1,305.28,-1.2968262908087802,-0.0702384460575024,Lost
13046,31,2,629.31,-0.14893341571599186,-0.3725887607051457,New Customers
13047,32,10,3079.1,1.7758451006707556,0.7313046395375674,Champions
13048,14,4,1805.91,1.107766182455476,-0.2708701615267766,Loyal Customers
13049,64,2,656.68,-0.3988765162794766,0.09269298675618594,Loyal Customers
13050,15,17,5684.61,2.7916310535165247,0.6870539049497553,Champions
13052,212,1,348.15,-1.522371080109762,0.4573904495288541,Lost
13055,78,3,1201.96,0.07679187848086172,0.5485364092979224,Loyal Customers
13058,25,3,271.4,-0.21266643069796337,-0.6975769570885584,New Customers
13059,250,1,183.4,-1.8916566788500604,0.32918850749123074,Lost
13060,254,1,307.53,-1.6504444298001235,0.5265996653840809,Lost
13061,72,1,248.61,-1.2750398827283995,-0.3444797115355008,Lost
13062,191,1,346.98,-1.4843833744181232,0.39028478670375166,Lost
13064,13,4,1119.49,0.904549497926622,-0.4886197156842764,Loyal Customers
13065,373,1,205.86,-1.9885965747983163,0.6241645294330965,Lost
13066,24,2,430.9,-0.23633507923306785,-0.6668935957285481,New Customers
13067,82,1,115.46,-1.690218590304803,-0.5405177818400734,Lost
13068,10,2,344.0,-0.031029886210597594,-1.2697821688056006,New Customers
13069,1,24,3717.82,3.6779816731678467,-0.6592528732323533,Champions
13070,192,1,228.8,-1.6856815785684889,0.24252904188396243,Lost
13072,267,1,177.15,-1.9332222378502513,0.35823281284266745,Lost
13075,130,1,919.61,-0.8711977459428503,0.501797101186986,Lost
13077,1,4,729.27,1.441300940208425,-1.8796098869279732,New Customers
13078,3,26,12432.28,4.062875006848708,0.25011902210344933,Champions
13079,4,5,220.1,0.6825964398426119,-1.6618422431400222,New Customers
13080,179,1,58.08,-2.3115511992168374,-0.2962147457508609,Lost
13081,12,11,27964.48,3.269566015923072,0.9770251851264574,Champions
13082,126,9,3595.48,1.2499848034025731,1.6059736350136449,Loyal Customers
13083,4,2,303.75,0.21018946081863388,-1.8154057346257826,New Customers
13085,158,2,272.38,-1.1618306566417367,0.3409020136375582,Lost
13089,3,97,57385.88,5.962804347102151,1.3097458461216165,Champions
13090,9,14,8689.39,3.0099472932161904,0.4720615326471922,Champions
13091,28,1,319.82,-0.8022790677728675,-0.8390793869598334,New Customers
13092,71,5,459.83,0.01778710994002508,0.29850352881774445,Loyal Customers
13093,276,8,7741.47,1.2255505082287412,2.3389964049430203,Loyal Customers
13094,21,12,1708.86,1.79882483243898,0.3248475467437519,Champions
13095,71,1,74.4,-1.8448065365230515,-0.789024143300051,Lost
13097,33,10,5893.32,2.0762189838299463,0.9865251381151312,Champions
13098,1,28,28658.88,4.793068256975169,0.1420439098441411,Champions
13099,99,1,207.36,-1.481874481953212,-0.2104783604647671,Lost
13101,234,1,101.19,-2.1500679076430433,0.07249693747855439,Lost
13102,1,24,6336.29,3.9340322775881247,-0.4652033414549729,Champions
13103,40,1,243.94,-1.064020645738119,-0.7175271763404623,Lost
13104,3,6,1098.48,1.6775454550770488,-1.1594387236247692,Champions
13106,133,1,59.5,-2.1875506388019543,-0.47489033293693395,Lost
13107,44,4,1524.07,0.6071711318821859,0.3647271667833635,Loyal Customers
13108,373,1,350.06,-1.7345297900691752,0.8167106112066489,Lost
13109,60,2,766.84,-0.3002560522305233,0.10875490085280949,Loyal Customers
13110,31,7,1452.87,1.1391137342859843,0.31425698665381463,Loyal Customers
13113,1,24,10510.0,4.17707789085797,-0.2810097225320999,Champions
13115,12,4,2205.63,1.258359416979435,-0.2889489132242537,Loyal Customers
13116,138,1,485.19,-1.2004889234973022,0.3070057082775252,Lost
13117,22,8,984.91,1.184992117525644,0.009183695861140146,Loyal Customers
13118,20,5,1125.0,0.9170166676066639,-0.15835199973153755,Loyal Customers
13120,239,1,30.6,-2.721881274117843,-0.3414047126654743,Lost
13121,269,1,254.73,-1.762412331990005,0.4945511181652831,Lost
13122,94,2,922.39,-0.38065734526923695,0.4571000734912119,Loyal Customers
13124,90,3,3866.33,0.5837894078921811,1.0634137885293755,Loyal Customers
13126,5,8,2056.29,2.05098685313938,-0.5759548320551017,Champions
13127,78,1,259.17,-1.2852714086410835,-0.2792586092723778,Lost
13130,94,1,64.0,-2.0218609678410004,-0.6670988567207378,Lost
13131,23,3,1039.3,0.46154300399178533,-0.2605723350079487,Loyal Customers
13132,262,1,77.3,-2.3209263795645243,0.047009614088467024,Lost
13133,274,2,109.8,-1.8046759683675588,0.3598762329350144,Lost
13134,86,4,1740.63,0.4194408250771166,0.8315127199006592,Loyal Customers
13135,197,1,3096.0,-0.4460465590641356,1.2056238071034138,Loyal Customers
13136,56,5,2545.38,0.9280325915638655,0.7725086286620545,Loyal Customers
13137,11,8,3605.08,2.056130849251049,0.0683223737006046,Champions
13138,22,6,962.39,0.9467274343348582,-0.09725810534086972,Loyal Customers
13139,16,7,5055.79,1.9791944187922224,0.36654787373489467,Champions
13140,108,3,423.72,-0.5461202234815392,0.3738528295781679,Lost
13141,85,5,2385.8,0.7400286553764782,1.0100132868613356,Loyal Customers
13142,19,1,307.09,-0.6799705815896746,-1.0896640565364089,New Customers
13144,333,1,110.95,-2.2403744894331656,0.32884955898036355,Lost
13145,40,4,614.77,0.20704224691221207,-0.02451655113482904,Loyal Customers
13146,26,1,228.91,-0.9350668680049476,-1.005732328339895,New Customers
13147,10,4,712.8,0.7799556705442902,-0.805846623515141,New Customers
13148,29,12,3348.48,2.003483409761905,0.7664925545907099,Champions
13149,14,4,1676.06,1.0719432745329251,-0.2980187735170269,Loyal Customers
13151,296,1,1250.37,-1.0360327797770867,1.1330966885598905,Lost
13153,6,1,486.22,-0.0592892567195976,-1.5891774272046606,New Customers
13155,33,4,971.76,0.4981152020944406,0.023115512049968784,Loyal Customers
13157,49,4,1721.57,0.6254706561864364,0.4759351323345254,Loyal Customers
13158,95,4,1201.06,0.20377623157191516,0.7590159353209196,Loyal Customers
13159,9,4,1379.75,1.1332460838325722,-0.6261576431499211,New Customers
13160,22,1,91.8,-1.3096913295416441,-1.4377797647988704,New Customers
13161,313,1,112.75,-2.2091546724342113,0.29546247765769906,Lost
13162,122,4,1644.99,0.26020094682379674,1.0307464766367425,Loyal Customers
13165,46,2,1021.48,-0.06320899340319615,0.04752496353777894,Loyal Customers
13166,283,1,414.7,-1.5483224682406362,0.7035042440789854,Lost
13167,19,4,791.33,0.6020087515029651,-0.38838033952807616,Loyal Customers
13168,36,4,1310.14,0.6092482910594952,0.18545855500492192,Loyal Customers
13169,64,2,712.88,-0.3594891617388178,0.12254293662788884,Loyal Customers
13170,27,1,116.01,-1.2733869776001854,-1.228531289452881,New Customers
13171,22,3,426.81,0.0509440215959513,-0.6110669163323998,New Customers
13173,4,2,353.65,0.28303027047832596,-1.7602028772033178,New Customers
13174,16,3,2817.03,1.0717923514786096,-0.11667933168420011,Loyal Customers
13176,46,1,492.84,-0.7793023916778877,-0.37557347025566945,Lost
13177,65,1,282.45,-1.1755109379873045,-0.36218165597196633,Lost
13178,26,11,5725.47,2.2289402351193863,0.8636265137959965,Champions
13182,45,1,121.18,-1.4420166933518197,-0.8976845623895987,Lost
13183,8,9,3957.78,2.3059463574539056,-0.03921211180543383,Champions
13184,15,10,1648.79,1.7521390701360533,0.04453102863814105,Champions
13185,268,1,71.4,-2.367163971375438,0.032808255804711785,Lost
13186,40,3,1539.69,0.4458800563271701,0.22230734010130707,Loyal Customers
13187,337,1,236.02,-1.884606058831329,0.6094694590500903,Lost
13188,11,1,114.6,-0.9559533503561026,-1.770756442433542,New Customers
13189,19,2,260.68,-0.39189454198835044,-0.990941221196265,New Customers
13192,95,2,911.94,-0.39011947421770027,0.4596032742033362,Loyal Customers
13193,61,1,117.88,-1.5690488554736721,-0.7181875613564361,Lost
13194,136,1,60.7,-2.186563380397436,-0.45368658199954515,Lost
13196,11,4,1797.78,1.1907327013851965,-0.41414939877877255,Loyal Customers
13198,10,6,3384.09,1.8317837615630979,-0.10795920699971091,Champions
13199,4,38,9803.96,4.1960531890192625,0.44873950138157254,Champions
13200,19,4,870.09,0.6475306871916858,-0.3538812594497605,Loyal Customers
13203,10,4,869.46,0.8752671757064727,-0.7336142107403553,New Customers
13207,15,2,250.26,-0.32628063475731245,-1.1473712423835998,New Customers
13208,59,6,1205.9,0.6891601883056013,0.5933972960825431,Loyal Customers
13209,30,8,5820.16,1.9240734365352867,0.8450701471756918,Champions
13210,94,1,353.48,-1.2070522022039571,-0.049591001904474026,Lost
13211,10,3,1197.42,0.8271532481763902,-0.7042584653926548,New Customers
13212,20,3,780.58,0.375131338102624,-0.4494257728008911,New Customers
13213,57,5,1518.43,0.6733722196110326,0.5955804253382724,Loyal Customers
13216,268,1,333.74,-1.6316698647754555,0.5902070064691973,Lost
13217,122,3,133.62,-1.1441363682421823,0.032279952504842994,Lost
13218,127,1,62.64,-2.145768203572567,-0.4855473726240724,Lost
13220,78,4,819.29,0.09457378926432058,0.4961933577461524,Loyal Customers
13221,240,2,847.41,-0.7764978007560805,1.0171602622028721,Lost
13223,200,2,163.2,-1.4961322076349834,0.304105606886505,Lost
13224,60,2,2150.85,0.19475038869178826,0.4838985889735274,Loyal Customers
13225,3,7,6083.04,2.620051682629432,-0.48454143340360956,Champions
13226,273,1,108.21,-2.1767325745050417,0.194142551491456,Lost
13227,202,1,257.7,-1.6480514407803926,0.3177173636024174,Lost
13228,81,1,358.0,-1.1448229785053838,-0.13838492667947813,Lost
13229,226,1,160.95,-1.9156727580386108,0.21813600727772742,Lost
13230,4,14,2763.41,2.72419982081859,-0.3848727504533314,Champions
13232,13,7,1357.6,1.4219486778426338,-0.23513942445759436,Champions
13233,74,2,605.12,-0.4926880949963182,0.15380406695709423,Lost
13235,212,1,101.17,-2.112661502854979,0.010035207365989477,Lost
13236,25,2,727.27,-0.0003237085940886712,-0.45179602922378426,New Customers
13238,17,4,680.83,0.570057276173727,-0.5099345204699202,New Customers
13239,262,1,329.56,-1.6290999910575716,0.5713145149300852,Lost
13240,96,4,663.65,-0.08480261822557904,0.549888553584947,Loyal Customers
13242,112,3,270.4,-0.7749903418372038,0.23369846049262694,Lost
13243,203,1,600.07,-1.2449668442537745,0.6277374316055752,Lost
13244,93,1,121.74,-1.7124713366872444,-0.44240252139568753,Lost
13245,51,1,430.5,-0.8826931393469972,-0.36052898451733667,Lost
13246,18,6,1922.1,1.3516561644450742,0.033109180729391036,Loyal Customers
13247,18,4,501.12,0.4024694815708326,-0.5869908107708974,New Customers
13248,125,2,465.68,-0.8161970673676592,0.3879294980900376,Lost
13249,92,3,711.41,-0.23710452855100023,0.4613791994605314,Loyal Customers
13253,157,2,1030.4,-0.5216039721382754,0.8202728997176348,Loyal Customers
13255,9,2,390.66,0.06626526929448512,-1.284100775427063,New Customers
13258,12,3,698.58,0.5048546037100973,-0.7941780067120041,New Customers
13259,62,1,292.32,-1.1413210507333251,-0.3792491467543491,Lost
13260,61,1,557.62,-0.8257696088840868,-0.15488879427439878,Lost
13261,269,2,944.1,-0.7680043803733575,1.128571954915419,Lost
13262,263,1,200.29,-1.8688237692495016,0.3931445264373456,Lost
13263,1,35,7454.07,4.3416665948640345,-0.26383153241793317,Champions
13265,53,5,2107.66,0.8580555256087918,0.6695249223287512,Loyal Customers
13266,11,12,3717.67,2.4032887903923648,0.22295280875231327,Champions
13267,3,19,4404.44,3.2932222957340236,-0.24464716448170012,Champions
13268,18,11,3167.64,2.0787315377166147,0.42514349740056756,Champions
13269,1,15,5315.92,3.4462999240100607,-0.7031959526621716,Champions
13270,366,1,590.0,-1.4771244319515302,0.9943312736168961,Lost
13271,37,1,178.26,-1.1849860809317843,-0.8794027781423621,Lost
13272,31,2,276.56,-0.5429081883821909,-0.6711649751259904,New Customers
13273,113,1,138.98,-1.722933428182428,-0.2721131185349017,Lost
13276,64,2,590.93,-0.44947233189040114,0.05434863544553922,Lost
13277,16,4,258.4,0.12764490654491809,-0.8980264857744114,New Customers
13278,41,1,542.73,-0.6901603818874087,-0.41193182999796396,New Customers
13279,78,1,126.3,-1.628623575502426,-0.539470169268664,Lost
13280,122,3,814.86,-0.27863955223415654,0.6882020593142505,Loyal Customers
13282,18,3,1047.84,0.5545978834981807,-0.40588017946539195,Loyal Customers
13283,60,2,93.66,-1.3057777523520684,-0.6532859290931036,Lost
13284,331,1,196.15,-1.9662443395481888,0.5310519925960289,Lost
13285,23,4,2709.12,1.1231762231263367,0.17503130351998947,Loyal Customers
13291,156,1,361.11,-1.3884839933914663,0.27703402321199966,Lost
13292,39,2,578.94,-0.27407347565825185,-0.2612710019484114,New Customers
13294,190,2,873.74,-0.6731055698610269,0.8806949063532797,Lost
13295,360,1,197.95,-1.9938277907434785,0.5875154494434236,Lost
13296,137,1,87.4,-2.0166082317849683,-0.3181659293627063,Lost
13297,8,4,2089.85,1.3727629885544421,-0.5419778358414739,Loyal Customers
13298,1,1,360.0,0.2746305954805809,-2.4935059750237616,New Customers
13299,268,1,142.5,-2.03853949142673,0.2818583473247523,Lost
13300,169,1,365.29,-1.4133213545537826,0.3317072700611243,Lost
13301,104,4,618.09,-0.1491474294752563,0.5743406621517874,Loyal Customers
13302,155,1,63.75,-2.212935718450208,-0.3536851591172723,Lost
13304,351,1,300.42,-1.7846318478948262,0.7227311082611996,Lost
13305,4,10,2000.86,2.2888134281618746,-0.6233486620449997,Champions
13307,120,1,15.0,-2.7875153268358517,-1.023857655509717,Lost
13308,23,3,1367.61,0.593297820667425,-0.16072113355029768,Loyal Customers
13309,7,5,1456.79,1.4092615312719243,-0.6769117455843837,Champions
13310,28,3,1083.63,0.40938936542077586,-0.12526203718898746,Loyal Customers
13311,4,2,598.57,0.5352555821225127,-1.5690523671790497,New Customers
13313,22,5,1555.32,1.037777559919914,0.017213604528767242,Loyal Customers
13314,2,3,578.66,0.9739596249892705,-1.793370624010838,New Customers
13316,37,4,5815.49,1.3147064330879148,0.7447323929097434,Loyal Customers
13317,66,6,2140.07,0.9224243546554715,0.8721253896324846,Loyal Customers
13318,1,3,640.76,1.1775377953603046,-2.013685232647089,New Customers
13319,5,26,10664.34,3.8345082071688683,0.4516474149380707,Champions
13320,78,4,1491.7,0.38215443907461405,0.7141381291333149,Loyal Customers
13321,72,2,567.36,-0.513274081526495,0.11323183486215137,Lost
13322,17,1,199.48,-0.8461715248320488,-1.3129600257817349,New Customers
13323,3,5,787.85,1.3787216828137214,-1.340435354870712,New Customers
13324,36,10,7072.8,2.1315798939309123,1.1066008909018616,Champions
13325,82,1,675.3,-0.8452319027297817,0.09986059747792872,Lost
13327,39,8,3617.57,1.598457563651293,0.8337877847055558,Loyal Customers
13328,316,1,1308.48,-1.0390921399965447,1.1909864899174911,Lost
13329,32,2,740.4,-0.08269799933474144,-0.2939627886417094,New Customers
13330,93,3,1140.93,-0.014543250908543198,0.6399297089394841,Loyal Customers
13332,14,1,350.9,-0.5063498303784288,-1.2238657123572132,New Customers
13334,82,3,3536.82,0.5761187024889332,0.9725868761913651,Loyal Customers
13336,77,1,795.12,-0.7431754903834225,0.11980290955901389,Lost
13338,158,1,431.82,-1.3076306166723186,0.35000398381323133,Lost
13339,201,1,860.12,-1.068509720728198,0.7523642983032791,Lost
13340,45,7,10736.48,1.9611345034301975,1.2725084781969906,Champions
13341,261,1,775.85,-1.2172031219244084,0.8799535868104834,Lost
13343,178,1,303.93,-1.5210724701206841,0.29770751191444744,Lost
13344,68,3,2543.72,0.4883254797341953,0.735381701494324,Loyal Customers
13345,288,1,377.6,-1.5998861404728864,0.6805502145208427,Lost
13347,70,1,341.36,-1.112667171669537,-0.24708929213690145,Lost
13348,64,1,233.76,-1.260219592572478,-0.4404838124997581,Lost
13349,11,1,247.32,-0.5886826288670096,-1.4924180581057327,New Customers
13350,16,2,910.72,0.2696927807836628,-0.6396997600141305,New Customers
13351,66,1,373.94,-1.0468783579419736,-0.25080359730433727,Lost
13352,60,1,389.28,-0.9918235934437404,-0.29575646070937656,Lost
13354,71,1,743.53,-0.7448201862322299,0.04460730513459712,Lost
13355,122,1,674.7,-0.9957249500176996,0.3492075171819904,Lost
13356,80,1,768.24,-0.7740727094804273,0.13125446766966414,Lost
13357,257,1,609.95,-1.3267301942644774,0.7827341334781481,Lost
13358,269,1,439.03,-1.5017138692126857,0.6921230581009785,Lost
13359,64,1,431.26,-0.9669805368715942,-0.21825078326543543,Lost
13362,9,4,3085.49,1.5196471308663766,-0.33332122347044796,Champions
13363,18,2,992.5,0.26852150620101733,-0.5378292440240039,New Customers
13365,34,2,2191.22,0.415620290585667,0.13805185476997694,Loyal Customers
13366,50,1,56.16,-1.8462802291013072,-1.1087292235302255,Lost
13368,257,2,623.4,-0.9497666091142719,0.9488209441295526,Lost
13369,366,1,263.75,-1.8628637133769121,0.7019963770904399,Lost
13370,372,1,721.32,-1.3869270511097296,1.0776699409972597,Lost
13372,90,1,378.64,-1.1577017583908473,-0.05193299138588516,Lost
13373,61,3,3312.25,0.6559069083938922,0.7635558494303938,Loyal Customers
13375,89,1,772.9,-0.8113681933003261,0.20032941299196783,Lost
13376,99,3,1019.76,-0.09203219754988767,0.6383691427419248,Loyal Customers
13379,26,3,572.56,0.13060285728022314,-0.40256100095937125,New Customers
13381,32,6,3626.81,1.4459101807256045,0.6145804956018186,Loyal Customers
13382,281,1,222.99,-1.8426595624064215,0.4739099065441669,Lost
13384,31,7,4122.28,1.6398451190728323,0.6937393588361475,Champions
13385,330,1,534.57,-1.4850429136725374,0.8929465205747737,Lost
13388,131,2,627.15,-0.6912148715532388,0.5256265349786868,Lost
13389,11,3,797.96,0.5991979983929416,-0.7966284439611908,New Customers
13390,75,1,544.08,-0.9152321539726743,-0.034589302219099685,Lost
13391,204,1,59.8,-2.3473835712898032,-0.203218175714555,Lost
13394,2,8,2312.8,2.3718756325066783,-0.9731460855279983,Champions
13395,185,1,307.72,-1.5297741619683267,0.3265533864207352,Lost
13396,29,2,1325.29,0.2330388863533798,-0.14273398107670254,Loyal Customers
13397,73,5,1539.18,0.5869421886893582,0.7551543463007966,Loyal Customers
13398,192,1,457.34,-1.3540437538186552,0.4938628153701758,Lost
13402,127,2,621.23,-0.6840235812256793,0.5026474460345438,Lost
13403,18,1,75.0,-1.3327340443558102,-1.6317532811637092,New Customers
13404,1,2,252.49,0.47130280492485976,-2.464054096824264,New Customers
13405,74,3,572.45,-0.2592649598173985,0.24584954682103538,Loyal Customers
13408,2,62,27487.41,5.319617414201663,0.6868459373124814,Champions
13410,24,5,988.91,0.7886223368332971,-0.09457634330469941,Loyal Customers
13411,107,1,213.55,-1.4971736990496722,-0.1509708684149206,Lost
13414,134,3,1390.5,-0.05769608065735385,0.9416490051490286,Loyal Customers
13416,44,2,712.5,-0.2194522574662224,-0.11105960650812408,Loyal Customers
13417,5,2,640.83,0.4984144170452702,-1.4285310153866813,New Customers
13418,12,18,5845.44,2.9331197472745165,0.5865020806115646,Champions
13419,64,1,221.06,-1.28693504977181,-0.4607302867171743,Lost
13420,150,2,140.35,-1.458988528740873,0.06800481489135723,Lost
13421,40,2,1848.98,0.2737200304166818,0.17669048592126657,Loyal Customers
13422,64,1,2601.55,-0.10463822171436443,0.43528066559386025,Loyal Customers
13425,108,3,1624.21,0.09849767276848738,0.8623804830310776,Loyal Customers
13426,1,10,3550.7,2.913803656301563,-0.9962306805897598,Champions
13427,19,3,582.6,0.253433103661761,-0.5867313643924826,New Customers
13428,10,1,218.47,-0.6148115500646033,-1.5926073375891194,New Customers
13429,11,4,1006.8,0.912444505969056,-0.62505182621861,New Customers
13430,19,2,648.69,0.04492706010420035,-0.6598932724979191,New Customers
13431,67,2,1269.1,-0.09995362796979335,0.3609190194663051,Loyal Customers
13434,74,2,534.24,-0.5524263273203794,0.10853107868222485,Lost
13435,5,7,3794.49,2.23870250873887,-0.398951677593473,Champions
13436,2,1,196.89,-0.16883383007288857,-2.454990646273507,New Customers
13437,14,7,3408.06,1.837544468987017,0.1435629471765508,Champions
13439,255,1,283.71,-1.6905331683693938,0.4998341066038514,Lost
13441,92,1,296.64,-1.2828848113867302,-0.1267187911342209,Lost
13447,23,3,1104.23,0.49062575739710856,-0.23853179074179712,Loyal Customers
13448,17,6,3465.67,1.6553355593208305,0.21330333071859114,Champions
13449,24,1,291.88,-0.7894231527546942,-0.9664574375331674,New Customers
13450,27,6,2043.72,1.23317414534143,0.3015623015542505,Loyal Customers
13451,26,5,2916.45,1.2784525081160856,0.34774657510945645,Loyal Customers
13452,259,2,590.0,-0.979120272612244,0.9337092658486665,Lost
13453,166,2,356.98,-1.0510485682078956,0.4702113861605878,Lost
13455,25,2,1007.35,0.15598312382469157,-0.3333379310164298,New Customers
13456,18,6,1737.82,1.3032691933831195,-0.0035611840992980683,Loyal Customers
13458,7,14,9537.92,3.139831020540573,0.3643387915100906,Champions
13460,29,2,183.44,-0.7146129358791103,-0.8609177666941705,New Customers
13461,39,3,1445.0,0.4248321302269771,0.1835432428854282,Loyal Customers
13462,253,1,143.25,-2.0141452125155452,0.24733663384335403,Lost
13464,58,1,674.68,-0.7154600584777603,-0.1171112114757105,Lost
13466,184,1,297.95,-1.543164901326497,0.3114246814926737,Lost
13467,11,2,1083.71,0.4860315902023591,-0.7975366206424217,New Customers
13468,2,37,5656.75,4.103332706382999,-0.08580461124869104,Champions
13470,99,2,165.0,-1.2245459490005537,-0.13505771291677596,Lost
13471,1,4,2531.58,2.0386602438302237,-1.4268974497395532,Champions
13473,61,2,417.54,-0.5979432281733584,-0.10182653499084125,Lost
13474,236,1,229.59,-1.7623848598240006,0.3741343941442619,Lost
13475,191,4,1431.78,0.023670526594957622,1.2629005111137468,Loyal Customers
13476,179,2,1092.77,-0.5431357812795873,0.924392429163821,Loyal Customers
13477,38,6,1441.53,0.9391786151289733,0.38488732605492987,Loyal Customers
13479,201,2,291.0,-1.2215004458889893,0.5168219622003272,Lost
13481,46,5,1776.81,0.8290414295855701,0.5192694017376724,Loyal Customers
13482,232,1,184.64,-1.860047067660639,0.28439463796891296,Lost
13483,66,1,140.34,-1.5155113253358652,-0.6059599856445289,Lost
13484,241,1,313.8,-1.6208173393580456,0.5007104156749945,Lost
13485,233,1,454.24,-1.4307953529669142,0.613662329132322,Lost
13486,78,3,1122.41,0.04392769639304892,0.5236300859528734,Loyal Customers
13487,58,3,575.4,-0.16525532873710636,0.09541178582369349,Loyal Customers
13488,17,13,8910.61,2.7354091144347707,0.8273906894844029,Champions
13489,105,4,449.52,-0.30544359886278716,0.4646477846213721,Loyal Customers
13491,52,10,1215.82,1.1489734618347291,0.6939418687954833,Loyal Customers
13492,136,3,1269.84,-0.1068768959763246,0.9179636082614241,Loyal Customers
13493,275,2,618.63,-0.9791801748621131,0.9888367563967217,Lost
13494,312,1,316.26,-1.7152289413835256,0.6668401826900912,Lost
13495,8,5,1990.12,1.5140884262390502,-0.48865166795944903,Champions
13496,11,2,617.93,0.2165161861913991,-1.001790533940259,New Customers
13497,283,2,321.05,-1.304433044969328,0.7687399793629524,Lost
13499,18,5,1146.96,0.9644780636991651,-0.2148473239812831,Loyal Customers
13500,23,3,1136.77,0.5045640898926228,-0.2279685393851533,Loyal Customers
13501,288,1,1310.47,-1.003082035896629,1.1328418906840174,Lost
13502,17,3,292.0,-0.037355406917546234,-0.9044467909234173,New Customers
13503,71,1,216.85,-1.3351504099991975,-0.40277810047838875,Lost
13504,64,1,295.93,-1.1473685544642085,-0.3549589563679726,Lost
13505,73,4,4282.88,0.9135237981493277,1.0564344236151655,Loyal Customers
13506,316,2,452.82,-1.181613380833521,0.963378517162701,Lost
13507,3,4,2479.16,1.7641670745327815,-0.9945449966632993,Champions
13508,244,1,110.97,-2.122063627693854,0.13222036275969246,Lost
13509,9,7,979.72,1.3937593404378776,-0.5673599352801676,Champions
13510,1,4,1785.16,1.8709345483392887,-1.5540094038423018,Champions
13512,261,1,251.21,-1.757595097129514,0.4704141912592659,Lost
13513,127,1,205.1,-1.58129408706529,-0.05775717756990731,Lost
13514,74,1,152.2,-1.5198395173608077,-0.5050316113036517,Lost
13515,73,4,891.12,0.15984060035262354,0.48525095786214817,Loyal Customers
13516,21,3,1389.41,0.6340850667327158,-0.2101975824387365,Loyal Customers
13517,60,3,2109.07,0.44537042644839664,0.5889768476538948,Loyal Customers
13518,86,1,659.44,-0.8745879338501816,0.12109727111338503,Lost
13519,78,1,110.8,-1.6909904064726204,-0.5867352572601797,Lost
13520,59,6,3487.75,1.1990511793201801,0.9798213324088859,Loyal Customers
13521,1,3,1093.65,1.434035483142936,-1.8192968759826256,New Customers
13522,30,1,125.8,-1.2736213514705421,-1.1346747995978832,New Customers
13523,33,5,3755.38,1.3119118158032872,0.5860781134672136,Loyal Customers
13524,41,5,680.18,0.41114394691367906,0.09864803145599943,Loyal Customers
13525,15,2,628.78,0.1151088285013696,-0.8128615118920857,New Customers
13527,34,7,2263.76,1.3178376666959024,0.5324941253280231,Loyal Customers
13529,79,2,307.76,-0.8413163914864662,-0.05078075213022759,Lost
13531,205,2,483.8,-0.9854498698573804,0.7138300531831324,Lost
13532,34,1,210.31,-1.074597917331672,-0.8717218465492717,New Customers
13533,183,3,270.79,-0.9603076173070542,0.5436861738400145,Lost
13534,2,25,5613.08,3.756586763127947,-0.2366526133868877,Champions
13536,1,7,3448.29,2.611896434314507,-1.1311007352372715,Champions
13538,43,7,1280.85,0.9571302441969,0.4705499419007579,Loyal Customers
13539,86,3,605.84,-0.2887040813991519,0.36065991189205987,Loyal Customers
13544,40,2,291.41,-0.6124255080336268,-0.4948803827053529,New Customers
13546,12,3,626.99,0.4529974697436777,-0.8334782559275208,New Customers
13548,96,2,682.41,-0.5331718510910043,0.36076402865860285,Lost
13549,26,7,916.12,0.9826113470757388,0.03868583965957898,Loyal Customers
13551,319,1,91.8,-2.3141552896277346,0.23337415686106827,Lost
13552,66,12,3539.53,1.7235835164538673,1.2966948930666133,Champions
13555,74,4,4149.28,0.8931834671013709,1.0534205215534038,Loyal Customers
13557,28,2,584.06,-0.14716216988381445,-0.46219237053853374,New Customers
13558,6,4,605.06,0.873797478233437,-1.1523041202512803,New Customers
13560,7,1,174.37,-0.6010685319328388,-1.8764023734628175,New Customers
13561,216,1,141.86,-1.9587317727828764,0.14388060320999735,Lost
13562,82,3,1799.33,0.2516195085525616,0.7266631581511064,Loyal Customers
13563,84,2,777.53,-0.4201927807853061,0.3243797258721483,Loyal Customers
13564,144,3,647.74,-0.45152014792204853,0.7092058907024462,Loyal Customers
13565,19,2,240.22,-0.431001663786116,-1.0205787949532141,New Customers
13566,41,2,874.71,-0.0947285219701043,-0.08027748818313653,Loyal Customers
13568,173,1,192.85,-1.7278634786457905,0.11481592669986151,Lost
13569,17,2,373.75,-0.17918484137836854,-0.9270774190694895,New Customers
13570,243,1,239.49,-1.753297241836408,0.40791362551661425,Lost
13571,13,12,2092.32,2.0684590118376986,0.1116153844976884,Champions
13572,206,1,1384.25,-0.8494765676503551,0.94094959204892,Lost
13573,50,2,294.4,-0.6908057428225572,-0.35264311883452015,Lost
13575,23,5,732.07,0.6599110419602778,-0.22983526268894006,Loyal Customers
13576,10,18,6703.3,3.062621790156406,0.530309526822105,Champions
13577,25,4,1658.3,0.8569780618247236,0.04724054461349137,Loyal Customers
13579,15,2,467.04,-0.027468522879194816,-0.9209146381094533,New Customers
13581,309,1,118.0,-2.1825895674820166,0.30375034023011227,Lost
13583,156,1,781.03,-1.01863723072123,0.557324676257049,Lost
13584,307,1,142.4,-2.0905271108604864,0.3675406710226238,Lost
13587,64,1,347.0,-1.071133347010689,-0.29718363361565747,Lost
13588,16,9,2445.12,1.8320483218810968,0.1892131130537095,Champions
13589,15,2,379.65,-0.12674509130192899,-0.9961519985621395,New Customers
13590,11,6,1976.12,1.5402819828551724,-0.24848831493953438,Champions
13591,65,3,1117.13,0.11025855883368522,0.4077936424733162,Loyal Customers
13592,36,4,247.96,-0.1887938695810929,-0.41934262467411715,New Customers
13593,108,5,1990.28,0.5625805759958988,1.094491206884804,Loyal Customers
13594,53,1,396.97,-0.9359479755346618,-0.36602128458629635,Lost
13596,6,2,697.04,0.4799307497844408,-1.3001235856303208,New Customers
13598,47,1,167.42,-1.3040765464981525,-0.7538261633608887,Lost
13599,1,21,5030.6,3.7076584269758537,-0.5990559951298909,Champions
13600,312,1,219.52,-1.8899499235076993,0.5344268074135794,Lost
13601,45,2,693.32,-0.24092696931776,-0.10702866806823501,Loyal Customers
13602,65,1,428.89,-0.9754462534954523,-0.2105613993483554,Lost
13603,26,1,164.34,-1.0934321243039178,-1.1257504157964628,New Customers
13606,29,3,280.54,-0.2514084783950926,-0.5947310927274265,New Customers
13607,40,1,678.01,-0.5742401116660013,-0.3463439739982816,New Customers
13610,12,7,1115.43,1.3559194102339902,-0.35364634228808434,Champions
13611,89,3,1158.2,0.009257257012435294,0.6177924233357758,Loyal Customers
13614,24,4,1610.46,0.8578884812773281,0.01169561981883492,Loyal Customers
13615,319,1,399.99,-1.6111610057379173,0.7661427161849239,Lost
13617,40,3,544.18,-0.053145893856286,-0.15588255793508698,Loyal Customers
13618,174,1,177.34,-1.770107957172409,0.08809509374528857,Lost
13621,117,1,213.85,-1.530286984700015,-0.09425403286743247,Lost
13623,31,5,672.44,0.5094015050849285,-0.07811863036245142,Loyal Customers
13626,253,1,257.23,-1.7344333248118893,0.45931801527516886,Lost
13627,59,5,1624.02,0.6927108208979058,0.6415569748423762,Loyal Customers
13629,23,11,7792.36,2.4219085436809586,0.901052370172775,Champions
13630,5,7,1995.68,1.9301573455069867,-0.6327845349416538,Champions
13631,100,11,3021.77,1.4187022402117035,1.4684309659109909,Loyal Customers
13632,25,5,2117.02,1.139027863750285,0.2072155409661744,Loyal Customers
13634,33,5,1575.16,0.8947409132508317,0.26992256876645604,Loyal Customers
13635,68,1,1071.03,-0.5534667496939565,0.15030608180236973,Lost
13636,37,5,941.62,0.6053641486168007,0.1533747743340639,Loyal Customers
13637,52,3,810.5,0.03998145337266626,0.1518706795127575,Loyal Customers
13638,16,1,122.64,-1.0565395486299116,-1.525195750629261,New Customers
13639,74,1,1033.34,-0.602470256272605,0.19020234834338587,Lost
13642,216,1,354.8,-1.5204063228203317,0.47606825230349537,Lost
13643,31,3,519.44,0.019099068903076066,-0.330099989182068,New Customers
13644,16,4,2597.52,1.2345388480343076,-0.05916007669272048,Loyal Customers
13645,120,1,252.1,-1.4611617707427784,-0.018672422247517303,Lost
13647,10,4,1670.22,1.1885965047444664,-0.496155643791828,Loyal Customers
13649,257,2,346.6,-1.231129014901079,0.735588707375796,Lost
13650,17,6,1809.34,1.3432587860029355,-0.023205979142414075,Loyal Customers
13651,35,2,94.2,-1.10185126910511,-0.9859470726295271,New Customers
13652,46,3,1095.08,0.2302183106588498,0.18504497334014416,Loyal Customers
13654,43,6,2707.33,1.1957488142383588,0.6907753734660225,Loyal Customers
13655,114,2,932.97,-0.4480753528787435,0.5825173727352175,Loyal Customers
13656,165,2,379.65,-1.0192618600253818,0.4887523459119196,Lost
13657,11,2,382.14,-0.013857970483406397,-1.17638101123114,New Customers
13658,10,5,2421.47,1.5317224119721733,-0.2898937438659205,Champions
13659,206,2,1550.85,-0.42842070565652357,1.1404520069941557,Loyal Customers
13662,86,3,879.08,-0.11013333739376875,0.4959908529841045,Loyal Customers
13663,179,1,189.47,-1.7492468643923496,0.12993106685571107,Lost
13666,60,3,84.65,-1.0937856737310159,-0.5774821077871038,Lost
13667,149,1,305.02,-1.4519254180128318,0.18681630482081527,Lost
13668,3,21,6216.07,3.5448362930108717,-0.08207295831250006,Champions
13669,51,2,218.55,-0.8407594894486371,-0.44834667924376825,Lost
13670,75,1,349.7,-1.1270692736802002,-0.19513137157052352,Lost
13673,19,2,396.92,-0.19056413448754553,-0.8383617285739606,New Customers
13675,151,2,486.82,-0.866487821631027,0.5231333173390634,Lost
13678,152,1,232.6,-1.5891955189174014,0.1010803904529558,Lost
13680,1,4,2202.31,1.971757506640068,-1.4776001022709473,Champions
13681,18,4,827.83,0.643211715689103,-0.40454282196235725,Loyal Customers
13682,187,1,59.5,-2.316732578160943,-0.2599668382712736,Lost
13684,286,1,64.23,-2.4419697078539544,0.035956183971787785,Lost
13685,3,7,3119.44,2.299321258461171,-0.7276089660014071,Champions
13686,183,1,72.0,-2.218309287574121,-0.20524510577366295,Lost
13689,63,1,910.0,-0.6029534815623205,0.04330549542872082,Lost
13690,59,1,172.25,-1.375627323753159,-0.6018954357838256,Lost
13692,25,3,1466.87,0.5963931699224795,-0.08442614248357698,Loyal Customers
13694,4,50,62653.1,5.329472784845444,1.2285804815824921,Champions
13695,31,15,2504.13,2.0270219627146937,0.7827106658915368,Champions
13697,39,1,151.3,-1.2828458825594493,-0.9061780298423449,Lost
13699,155,1,308.58,-1.4613329023080488,0.21592167655163846,Lost
13700,26,10,2265.12,1.7049865803465234,0.4922101732208415,Champions
13703,318,1,99.5,-2.2746715885605173,0.2604055051758989,Lost
13704,5,9,2295.31,2.199020781096548,-0.49484390238775094,Champions
13705,8,3,711.86,0.654180289342338,-1.0207409895325763,New Customers
13706,303,1,330.79,-1.6825874639854352,0.664623330426431,Lost
13707,267,2,806.41,-0.8408040695475248,1.0665312975616241,Lost
13708,271,1,296.88,-1.691940944843361,0.5547765635309871,Lost
13709,4,13,6249.11,3.0536964448059813,-0.11481132666126592,Champions
13710,32,1,180.48,-1.1252501263468262,-0.9644699860253014,New Customers
13711,219,2,252.06,-1.3228183654605654,0.5188990669911993,Lost
13712,247,1,228.84,-1.7812585939648675,0.4017455709182477,Lost
13715,281,5,1053.94,-0.10523875780379847,1.4665745674643935,Loyal Customers
13716,269,1,138.28,-2.0542931181771262,0.2733474618698364,Lost
13717,32,6,1432.26,0.9998154996465334,0.27650488672847306,Loyal Customers
13718,246,2,306.55,-1.2733084024321064,0.66336857164441,Lost
13719,15,5,1041.68,0.9838352364700186,-0.3589448937456267,Loyal Customers
13720,117,4,799.9,-0.06999518764913754,0.7421648861042306,Loyal Customers
13721,36,1,524.14,-0.6585131899879901,-0.5050500750299245,New Customers
13722,132,3,2369.16,0.20382328711426748,1.1260536929253018,Loyal Customers
13723,217,1,199.85,-1.7968322617593633,0.27082483912019767,Lost
13725,50,8,1809.81,1.1732180308773874,0.735968384041358,Loyal Customers
13726,39,2,1079.66,0.0249005599060728,-0.03469168280872769,Loyal Customers
13727,29,2,333.48,-0.4286803945401319,-0.6442220244897398,New Customers
13728,37,6,1016.14,0.7812509167170589,0.2412028377886149,Loyal Customers
13730,136,2,752.6,-0.6179349308049145,0.6155108051886342,Lost
13731,219,2,610.59,-0.898936287534355,0.8401407173932165,Lost
13732,28,1,491.86,-0.5960411914827471,-0.6827807388099143,New Customers
13735,25,4,2766.18,1.1026472904574982,0.23342248664106013,Loyal Customers
13736,5,2,724.0,0.5569447694739763,-1.3841734263496603,New Customers
13737,200,1,339.6,-1.5121574166469867,0.411558173533908,Lost
13739,18,1,216.9,-0.826775004528226,-1.2483090983258416,New Customers
13740,241,1,350.75,-1.5675060432214414,0.5411127106712333,Lost
13741,72,3,666.33,-0.17612463664991396,0.28388693908295926,Loyal Customers
13742,17,12,3102.42,2.161720002139949,0.41447599301951565,Champions
13743,3,7,1340.15,1.8936873507314917,-1.0350211279300499,Champions
13744,95,2,1156.36,-0.27616652049522533,0.5459632238881281,Loyal Customers
13745,162,1,291.54,-1.505274559380785,0.22317280666233455,Lost
13747,374,1,79.6,-2.4423705860436957,0.2827360403349437,Lost
13748,96,5,948.25,0.25120338971141437,0.7507545938650899,Loyal Customers
13750,54,5,1647.26,0.7327280685027914,0.5914969778656635,Loyal Customers
13751,288,1,296.25,-1.7160871716176151,0.592486545478796,Lost
13752,124,6,1186.28,0.401266577454709,1.0533084114939943,Loyal Customers
13753,288,1,741.26,-1.2765020369742424,0.9256288543867289,Lost
13754,152,2,282.6,-1.1295251860864046,0.32984702058232784,Lost
13755,4,9,2154.68,2.238222155614204,-0.6335765548804405,Champions
13756,2,14,5145.12,3.2175876876610507,-0.48289284897512236,Champions
13758,12,7,3190.55,1.8604699040048098,0.02873036522231518,Champions
13759,33,2,659.41,-0.14965452992730394,-0.31712591254183586,New Customers
13760,54,2,286.79,-0.7321499701450465,-0.3142168350717831,Lost
13761,50,2,1070.65,-0.0718088938741406,0.11646746570039179,Loyal Customers
13763,63,1,1689.46,-0.3059919073990974,0.2683596582678054,Loyal Customers
13764,71,3,1521.76,0.225428024293143,0.575462848287428,Loyal Customers
13767,2,37,16945.71,4.630304636722975,0.31356432042720833,Champions
13769,2,10,2771.87,2.640203791453431,-0.8289824455256527,Champions
13771,64,4,2631.7,0.7291375619444997,0.7968905548231082,Loyal Customers
13772,34,3,1132.13,0.35865756524084286,0.010026616984240887,Loyal Customers
13774,82,1,345.0,-1.167164682690556,-0.14411814788226485,Lost
13777,1,33,25748.35,4.885407545833801,0.165105545660619,Champions
13778,103,1,178.7,-1.5679199900361764,-0.23945358833271072,Lost
13780,7,2,360.01,0.11225460357656901,-1.4554034004135477,New Customers
13781,251,1,127.84,-2.0653981007799516,0.20119094738550997,Lost
13782,13,6,912.0,1.1103199256603404,-0.4319223240424375,Loyal Customers
13784,10,11,2462.79,2.1663883289686265,-0.013361314222245435,Champions
13786,367,1,230.4,-1.9285759339591924,0.6547099020218635,Lost
13787,76,2,309.04,-0.8247471608891996,-0.07353514051319893,Lost
13790,4,1,348.8,-0.09008747895922516,-1.9233750975102748,New Customers
13791,128,2,1047.68,-0.43625812122769037,0.6976077262636763,Loyal Customers
13792,66,2,195.55,-0.9906117141700823,-0.32775894411159906,Lost
13798,1,57,36351.42,5.53382023329645,0.4989743146720529,Champions
13799,117,2,688.86,-0.6034265036075729,0.48857553621260696,Lost
13800,310,1,558.32,-1.4404221207999763,0.8691819564213831,Lost
13801,67,1,324.8,-1.1200118879488548,-0.29254106187745804,Lost
13802,139,3,3906.27,0.42437453195539726,1.340588219110467,Loyal Customers
13803,255,1,277.07,-1.7018686937173637,0.4912434087173754,Lost
13804,31,7,2635.79,1.4250849066918057,0.530982005650815,Loyal Customers
13805,52,2,924.6,-0.15686240357403236,0.0875470315491471,Loyal Customers
13806,64,1,256.38,-1.2160318195670026,-0.40699583584994153,Lost
13807,367,1,112.6,-2.270331185765288,0.39570857396180137,Lost
13808,6,5,1747.66,1.5475958819883469,-0.6954400267939773,Champions
13809,305,1,155.05,-2.0474331711950255,0.39418095240515355,Lost
13810,29,3,899.51,0.3070936046106915,-0.17146684014212357,Loyal Customers
13811,184,3,591.75,-0.5878222041715102,0.8309839892901003,Lost
13812,42,3,539.0,-0.07590261501253863,-0.12912669138994426,Loyal Customers
13813,40,4,1353.41,0.5856807632055955,0.26243698668620574,Loyal Customers
13814,92,2,1562.12,-0.11968699748338758,0.6352204850964969,Loyal Customers
13815,22,4,4014.91,1.3283229873393572,0.291183438745523,Loyal Customers
13816,24,2,555.04,-0.11497530194206691,-0.5749203390621761,New Customers
13817,29,2,382.98,-0.3623850130807807,-0.5939796602496064,New Customers
13819,302,3,1140.35,-0.4613274205840484,1.3826656814234473,Loyal Customers
13821,145,2,385.64,-0.9627823484952537,0.4129480153782066,Lost
13822,6,2,632.0,0.43294918116972864,-1.3357288575354307,New Customers
13823,19,2,957.66,0.23180481995359042,-0.5182668081492648,New Customers
13824,33,5,1698.94,0.931056426644603,0.29744450485511154,Loyal Customers
13826,176,1,174.65,-1.7817440593271647,0.08977525250645448,Lost
13827,58,3,412.05,-0.3253254816635508,-0.025898368070441564,Loyal Customers
13828,22,1,209.49,-0.9162848787653748,-1.1396342566319295,New Customers
13831,16,6,2202.99,1.459577644473067,0.012139967162311228,Loyal Customers
13832,19,1,40.95,-1.6377563866413354,-1.8155279436148843,New Customers
13833,159,1,384.8,-1.365264728133967,0.3121179321412258,Lost
13835,25,4,834.57,0.5274369482279538,-0.20250422337732135,Loyal Customers
13837,212,2,271.24,-1.275388444123797,0.524970395170481,Lost
13838,6,4,691.73,0.9380023275126794,-1.1036460787337357,New Customers
13841,253,1,85.0,-2.26258497583773,0.05905502499222808,Lost
13842,59,9,3385.62,1.5071808019641588,1.1081332126149528,Loyal Customers
13844,11,1,361.62,-0.4068024475297733,-1.3545790394946107,New Customers
13845,65,1,312.98,-1.126373747089219,-0.32494273240755034,Lost
13846,25,3,847.61,0.33317417699371177,-0.28390828175985466,Loyal Customers
13848,92,3,1255.0,0.035272824273870386,0.6678020583406984,Loyal Customers
13849,52,2,1537.95,0.08735641525231685,0.272629771548041,Loyal Customers
13850,129,1,1586.81,-0.6064451262376342,0.6953620006736978,Lost
13851,96,3,2651.46,0.3782984435314229,0.9666717355260407,Loyal Customers
13853,57,1,1056.94,-0.4935667503799143,0.03525894573775209,Loyal Customers
13854,9,25,8025.02,3.4689366826198667,0.6576659335597973,Champions
13856,169,3,363.4,-0.7892647146513754,0.6001993935424403,Lost
13858,57,1,216.17,-1.2541596953440737,-0.541161114576643,Lost
13859,326,1,201.16,-1.9484006090800126,0.5305554133371663,Lost
13860,1,5,1240.0,1.8608151032472833,-1.6154566756067823,Champions
13862,18,8,2187.31,1.6408789586013215,0.1781699010138057,Champions
13863,248,1,299.56,-1.6539319921594218,0.5019586194158344,Lost
13865,58,4,501.56,-0.02940428847896063,0.13254815316960236,Loyal Customers
13866,74,1,145.67,-1.5407633336281485,-0.5208888546750009,Lost
13867,31,3,1015.29,0.34057139201469283,-0.08647020388851825,Loyal Customers
13868,7,2,3192.54,1.1594181531552386,-0.6618040377010577,New Customers
13869,123,4,3104.95,0.5621262353059817,1.2670432012831991,Loyal Customers
13870,2,8,2751.25,2.455230420294995,-0.9099751448526292,Champions
13871,23,13,6389.8,2.465938201661564,0.8889517084514257,Champions
13873,120,3,381.7,-0.6360094573026508,0.40222129927260103,Lost
13874,358,1,540.45,-1.5107784413498713,0.9484647502965229,Lost
13875,54,5,1786.79,0.7717617109552123,0.621078864846978,Loyal Customers
13876,64,1,122.7,-1.5679850044850636,-0.673725730495325,Lost
13877,86,1,117.24,-1.700889266039786,-0.5051202962360477,Lost
13878,55,1,1281.53,-0.38770526751195306,0.08306686052140169,Loyal Customers
13880,21,13,3219.77,2.1699765837926797,0.5842680534681578,Champions
13881,4,20,16989.52,3.9005816613754254,0.4074084943199685,Champions
13882,3,5,1131.28,1.5523278365436808,-1.208866859177278,Champions
13883,11,5,2538.75,1.521236428742253,-0.2174532958149734,Champions
13884,7,5,781.3,1.1102702145046974,-0.9035041613904055,New Customers
13885,189,2,506.8,-0.9323385147993499,0.6793838888415766,Lost
13886,71,1,243.56,-1.2795954990970133,-0.3606754681768139,Lost
13887,204,1,349.55,-1.5058435910785253,0.43454809514300324,Lost
13888,120,2,605.63,-0.6747638293713272,0.4577067436911916,Lost
13889,93,1,416.9,-1.1239532616217311,0.0036095361331397796,Lost
13890,1,10,1860.86,2.6035663688052777,-1.231345924761279,Champions
13892,27,4,632.97,0.36653167177544693,-0.25598105117743575,Loyal Customers
13893,298,1,821.1,-1.240405782685663,0.9844118481105179,Lost
13894,24,3,535.97,0.12829953922927972,-0.4754086829735502,New Customers
13895,28,4,2588.12,1.0290373483843507,0.2785228308307271,Loyal Customers
13897,50,1,311.16,-1.0308004718694888,-0.49071285359021344,Lost
13898,326,1,155.93,-2.0700550661756765,0.4383588317610617,Lost
13899,16,2,388.52,-0.1388093975577491,-0.9492856585386221,New Customers
13900,183,3,740.95,-0.47791034030494384,0.9092739292170503,Loyal Customers
13901,72,5,2867.2,0.8908104996838129,0.9728729506560385,Loyal Customers
13904,37,2,332.64,-0.5200742150231593,-0.49509258471948603,New Customers
13908,80,4,2347.05,0.5902160984959456,0.8949169285133917,Loyal Customers
13911,57,9,2580.91,1.3897931138089774,0.9878495571343863,Loyal Customers
13914,12,2,613.95,0.1828797879711445,-0.9533329245313034,New Customers
13917,50,2,272.04,-0.728615456457361,-0.3812974438031413,Lost
13918,50,2,1212.84,-0.01196179894656585,0.16182295617160505,Loyal Customers
13919,59,2,350.16,-0.6697503155272748,-0.1865395562792635,Lost
13922,352,1,172.25,-2.051719726364902,0.5229378234724508,Lost
13923,54,1,351.13,-1.0017324420228955,-0.39892420590732736,Lost
13924,2,6,1682.08,1.991829930807877,-1.187037507162232,Champions
13925,93,4,616.65,-0.10804541512740742,0.5032493339224098,Loyal Customers
13926,23,1,223.85,-0.900820839721556,-1.0885951322470986,New Customers
13927,75,1,348.99,-1.128042748343797,-0.19586912535593556,Lost
13928,11,4,464.57,0.5414845284051188,-0.9061861360454089,New Customers
13929,169,2,802.85,-0.6692652746109504,0.7759973948377982,Lost
13930,58,2,337.34,-0.6812028474719606,-0.21074654282202682,Lost
13931,96,2,1230.93,-0.25012649521577807,0.575271699529775,Loyal Customers
13932,295,1,307.4,-1.7075292566113371,0.6210830103838025,Lost
13933,109,2,608.79,-0.6359058039157663,0.39910119718845977,Lost
13934,264,1,922.1,-1.1386902698025843,0.9499736092451085,Lost
13936,180,1,361.28,-1.4425295671322536,0.36749707841306306,Lost
13937,169,1,158.85,-1.8116264570036527,0.029849288472162578,Lost
13938,35,1,71.66,-1.5981411434222719,-1.2424660484148733,Lost
13939,23,3,556.75,0.16211215870853288,-0.48749785021410913,New Customers
13940,17,4,839.14,0.6703496700283894,-0.4339273104405086,Loyal Customers
13941,22,5,4912.41,1.5900145708730231,0.4357298335695618,Loyal Customers
13946,79,3,561.57,-0.2930886800088679,0.2798413199290076,Loyal Customers
13947,65,1,90.6,-1.7181217972784,-0.77340264653027,Lost
13948,361,1,102.0,-2.311112475421792,0.3496149540464182,Lost
13949,3,6,2427.32,2.058160449795603,-0.8709872994236544,Champions
13950,11,4,728.56,0.7572498621619814,-0.7426670454183627,New Customers
13951,176,3,674.45,-0.50821949100015,0.8504706562751237,Loyal Customers
13952,218,2,3246.09,-0.0952688186423186,1.4449960834596296,Loyal Customers
13953,7,7,3515.68,2.092298147442498,-0.24412391260331393,Champions
13954,2,2,378.59,0.5105631813279722,-2.0597027958876275,New Customers
13955,154,2,322.96,-1.070566278131776,0.3865278904683964,Lost
13956,5,5,1026.42,1.3509545826739158,-0.986881240954277,New Customers
13959,79,3,598.2,-0.2627879696743701,0.3028049003753175,Loyal Customers
13960,21,2,230.22,-0.4877020607369316,-0.9754951998721209,New Customers
13962,22,2,169.55,-0.650852796282915,-1.0580722840300372,New Customers
13963,308,4,664.54,-0.5261951300583411,1.2858018089922005,Loyal Customers
13967,146,1,80.7,-2.0785725399577655,-0.3067567881049489,Lost
13969,7,18,8986.69,3.324912009583013,0.4348775223305854,Champions
13971,19,8,2702.22,1.7228155054778036,0.2876544223438662,Champions
13972,71,2,190.25,-1.0312013915224028,-0.29202583007531646,Lost
13973,287,1,264.7,-1.7686632913129658,0.5494390783705589,Lost
13974,49,1,413.59,-0.8869331814547505,-0.3999772184117223,Lost
13975,31,6,2503.23,1.2796075873044257,0.4601179954628229,Loyal Customers
13976,207,1,357.98,-1.49997145845066,0.4524204224756099,Lost
13978,15,2,196.79,-0.4412210683577674,-1.2344795597920122,New Customers
13979,73,1,869.87,-0.6799827239786393,0.11905790258827945,Lost
13980,60,1,200.14,-1.3102330951855876,-0.5370650679136685,Lost
13982,39,4,1861.11,0.7480195768688996,0.36265366268840676,Loyal Customers
13983,30,12,2590.46,1.8677223978206365,0.6938988100101521,Champions
13984,27,5,488.03,0.4066442476851902,-0.2793596756224146,Loyal Customers
13985,4,15,7024.53,3.230574854831831,-0.020149806018299115,Champions
13986,17,1,320.46,-0.6193678905799159,-1.1410754909583165,New Customers
13988,20,6,4098.8,1.677101188551866,0.37221393837722133,Champions
13989,66,2,1266.08,-0.09544497560457758,0.35064869673193155,Loyal Customers
13990,213,1,311.3,-1.5777355425426052,0.419759423794965,Lost
13991,12,6,850.63,1.1051683884369676,-0.5042926779555026,Loyal Customers
13992,30,1,76.8,-1.5082600436115465,-1.312497181427078,Lost
13993,43,9,3409.66,1.6289074470955824,0.9138412611676019,Champions
13994,4,6,2313.14,1.9498931286222458,-0.7468824313948266,Champions
13995,15,5,1383.49,1.1200338273057975,-0.2557259505985866,Loyal Customers
13999,10,12,3865.26,2.4551811235271055,0.18189241867792316,Champions
14000,211,1,633.71,-1.2334837401657164,0.6719778663667021,Lost
14001,46,3,2030.33,0.5265734414818327,0.40963953934879144,Loyal Customers
14002,134,2,529.73,-0.7807406701942186,0.4785408824866748,Lost
14004,43,7,4582.64,1.5691930138052135,0.9344054915869896,Loyal Customers
14005,10,5,2874.72,1.6141106455757201,-0.22745531224834775,Champions
14006,116,3,962.19,-0.17981711527539843,0.716892060459849,Loyal Customers
14009,198,2,685.93,-0.8048586840147924,0.8187527255285599,Lost
14012,278,1,328.8,-1.6527371009070115,0.6079627460301006,Lost
14013,110,3,473.02,-0.5003047954692471,0.42537245765025944,Lost
14014,77,1,505.18,-0.9607077800569288,-0.04505527952113808,Lost
14015,53,1,917.34,-0.5342796343260222,-0.06161445173462267,Lost
14016,162,4,4328.46,0.6173306908038418,1.5615300661485563,Loyal Customers
14019,47,3,1398.96,0.3397305899626235,0.2874901713146395,Loyal Customers
14020,17,2,642.8,0.08074902917615301,-0.730084930071512,New Customers
14021,155,3,631.9,-0.4912915893653104,0.7466204210937922,Loyal Customers
14022,225,1,440.0,-1.432789528488179,0.5800131361200397,Lost
14023,7,2,584.07,0.3441822833800399,-1.2796355760259654,New Customers
14024,122,2,327.7,-0.9753670078794507,0.2450385390907162,Lost
14027,61,1,104.82,-1.6249501590519806,-0.7605527094867285,Lost
14029,63,2,467.66,-0.5557252776238436,-0.040499688822366084,Lost
14030,18,8,2360.09,1.6773829503191453,0.20583467656427537,Champions
14031,7,19,14634.64,3.6054992426506463,0.6323926447134478,Champions
14032,2,11,2929.84,2.7454687369956274,-0.7748719288154159,Champions
14034,22,3,512.02,0.138193571057447,-0.5449443064712618,New Customers
14035,29,5,1428.02,0.8954165594645525,0.15479997406996956,Loyal Customers
14036,285,1,626.65,-1.3530845781518173,0.8579498188304306,Lost
14037,176,2,147.2,-1.4968677111537387,0.18607318193855912,Lost
14038,78,3,1554.48,0.20024256275369007,0.6420942727326802,Loyal Customers
14039,33,1,152.2,-1.2180121594132582,-1.007189969334809,New Customers
14040,41,12,3542.19,1.9021207381708385,1.0005312753590225,Champions
14041,266,1,141.41,-2.039354963887406,0.2743457424416274,Lost
14044,27,4,652.82,0.38134122428639017,-0.24475754035195815,Loyal Customers
14045,109,4,1659.75,0.30710600057351894,0.9630936496406481,Loyal Customers
14046,284,1,154.99,-2.020493710390201,0.34891370654853476,Lost
14047,9,5,1290.01,1.2657672990288988,-0.5795038096503241,Loyal Customers
14048,305,1,375.13,-1.624837074479436,0.7144480140052407,Lost
14049,17,4,5639.15,1.5849918762969057,0.2592399338707483,Loyal Customers
14050,32,2,746.36,-0.07885194015048809,-0.29104802893793047,New Customers
14051,1,23,15477.34,4.32608509827365,-0.1560426955717007,Champions
14052,20,1,225.36,-0.8466614760901354,-1.170915947234121,New Customers
14053,124,2,260.25,-1.09184257256762,0.17166828638584433,Lost
14054,65,1,92.46,-1.708465578747799,-0.7660846216857452,Lost
14055,106,1,725.64,-0.9076455399823532,0.28721247377958714,Lost
14056,1,23,8124.4,4.016522086908965,-0.3906469354129546,Champions
14057,24,17,6147.4,2.6589550736121725,0.9988164462009802,Champions
14059,267,1,183.6,-1.9161382150169544,0.37118004504772745,Lost
14060,5,19,6135.38,3.2977182000316287,0.13335766658490814,Champions
14062,10,12,10464.85,2.9335327559164788,0.544414157301682,Champions
14064,29,5,1188.32,0.8072199808152986,0.08795965229059541,Loyal Customers
14066,267,1,152.55,-2.004602781535847,0.3041366270064125,Lost
14067,64,2,374.7,-0.667840362467911,-0.11114292503975459,Lost
14068,320,1,265.85,-1.8079757470672266,0.6198680451989266,Lost
14071,4,8,1307.41,1.90314786511822,-0.8564371783487654,Champions
14073,32,1,139.54,-1.2480544047382114,-1.057537966770986,New Customers
14075,5,3,942.26,0.9433981370101332,-1.176153039869354,New Customers
14076,129,1,122.47,-1.833325300563337,-0.2344367159271797,Lost
14077,41,5,499.42,0.263012708643233,-0.013614142238393866,Loyal Customers
14078,102,6,1049.37,0.41626787994182,0.8858298447166214,Loyal Customers
14079,125,1,375.1,-1.2863555562369557,0.15121435413837606,Lost
14080,33,1,45.6,-1.7897033329030938,-1.4404496555914923,Lost
14081,302,2,904.67,-0.8324679170050793,1.186250248880997,Lost
14082,365,1,182.25,-2.038561892564437,0.5663216305668046,Lost
14083,4,9,1018.43,1.8785024709732556,-0.9061923393021346,Champions
14085,2,18,4435.79,3.360019188788518,-0.44467629594906555,Champions
14087,3,1,181.67,-0.317031796292964,-2.3015221758510225,New Customers
14088,10,13,50415.49,3.755733649884977,1.1456650421701164,Champions
14089,57,1,161.0,-1.394944041983938,-0.6478554010787315,Lost
14090,325,1,76.32,-2.4089043174350637,0.17873021077281367,Lost
14092,8,14,4063.1,2.6850621015907703,0.12850572582447473,Champions
14093,12,1,442.85,-0.3402452869057303,-1.230189122779195,New Customers
14096,4,17,57120.91,4.343689149697602,0.7886890506385046,Champions
14098,37,1,147.35,-1.2758994209769343,-0.9483020143227318,Lost
14099,16,11,3092.97,2.109710610147214,0.34586300508488654,Champions
14100,138,1,194.9,-1.6371290601711697,-0.023904715732648178,Lost
14101,74,6,5976.79,1.372593073248997,1.317497054390352,Loyal Customers
14102,5,5,1314.73,1.4697659267953658,-0.8968393301030692,Champions
14104,155,2,216.21,-1.2650441738946412,0.24508293128373687,Lost
14105,239,1,1260.33,-0.9509262953577702,1.0007244543609994,Lost
14107,52,7,2688.48,1.2420931246168772,0.8584453782233027,Loyal Customers
14108,31,2,594.16,-0.17649688388386883,-0.39347790527188925,New Customers
14109,73,1,80.2,-1.8196615515193146,-0.7446547348474926,Lost
14110,4,12,5669.65,2.9399733553980147,-0.17913793220255503,Champions
14111,14,4,688.6,0.6450588299066827,-0.6215357860635091,New Customers
14112,23,7,2774.17,1.5594100665997326,0.36699994329440133,Champions
14113,4,4,1377.92,1.3970553387477889,-1.066606966718296,New Customers
14114,274,2,386.53,-1.2032398966507527,0.8156782739999503,Lost
14116,20,5,1382.74,1.0160266410515895,-0.08331667992911675,Loyal Customers
14117,144,1,90.0,-2.0215613348941166,-0.27620646361808,Lost
14121,4,4,2740.3,1.727122295421004,-0.8164636853047026,Champions
14124,84,1,419.58,-1.0824855190693492,-0.057945545506251306,Lost
14125,11,3,2740.43,1.1914389219338213,-0.3477950027251912,Loyal Customers
14126,8,3,643.63,0.6058525009495029,-1.0573665024099959,New Customers
14127,123,3,709.71,-0.34800729343565173,0.6431120685282278,Loyal Customers
14128,61,2,637.5,-0.39506578355617405,0.051925389263699905,Loyal Customers
14129,2,5,1123.86,1.65892478150479,-1.3938629204642345,Champions
14130,319,1,483.86,-1.5199302564365589,0.8352825029302434,Lost
14132,2,11,3580.13,2.841726697209459,-0.70192223923499,Champions
14133,130,3,590.34,-0.4572829222470984,0.6110319515442072,Loyal Customers
14135,2,15,4690.31,3.23147681737826,-0.4914033884132349,Champions
14138,2,2,982.38,0.9678147274937815,-1.7131718879100808,New Customers
14139,46,1,415.82,-0.8607499500939385,-0.4372990053733434,Lost
14140,4,2,920.05,0.7414726360487607,-1.412769499386178,New Customers
14141,3,4,879.03,1.2664607915089947,-1.3717347767932524,New Customers
14142,373,1,311.81,-1.7899440754593943,0.774714552817737,Lost
14143,134,1,115.8,-1.8744003850801128,-0.23069851597739516,Lost
14145,47,4,3148.2,0.9308578239623301,0.6696604136047671,Loyal Customers
14146,9,5,2949.57,1.6628158032722584,-0.27859814877217565,Champions
14147,78,2,468.4,-0.6353011121070637,0.09372802352963618,Lost
14148,234,1,157.2,-1.9401402873793143,0.23159188088455493,Lost
14149,221,1,259.43,-1.678984583911271,0.3769345525590291,Lost
14150,36,2,658.64,-0.18247486827876547,-0.26387886345014455,New Customers
14152,75,2,611.09,-0.49303323081169653,0.16577938869052908,Lost
14154,239,2,1345.62,-0.552992841610588,1.1827034094261597,Loyal Customers
14155,266,1,118.75,-2.1226023542441115,0.21125619357302805,Lost
14156,10,55,113384.14,5.39813095964271,1.9814598760981246,Champions
14157,20,2,400.43,-0.20495976594287635,-0.804195713687225,New Customers
14158,40,1,507.66,-0.7129934782753955,-0.4514990697421439,New Customers
14159,20,11,4678.3,2.227812555571371,0.6305897037902379,Champions
14161,216,3,1110.52,-0.34668544518035677,1.1611268127562782,Loyal Customers
14162,174,2,289.36,-1.1694654463821899,0.4236983595020602,Lost
14163,87,4,2445.91,0.5784033972177087,0.9625421310849556,Loyal Customers
14164,71,2,1631.77,-0.0011038247159638652,0.48863997220379723,Loyal Customers
14165,276,1,122.54,-2.1216629807710796,0.24593778728186141,Lost
14167,39,4,574.84,0.1842581129239222,-0.06459644422049775,Loyal Customers
14171,98,1,363.79,-1.2090152947200408,-0.012975557394395482,Lost
14173,11,4,450.84,0.5271054328351485,-0.9170834224199219,New Customers
14174,33,1,134.46,-1.2771283908047149,-1.051991570361793,New Customers
14175,60,3,3108.06,0.6315555903776997,0.7300784239074473,Loyal Customers
14176,297,4,574.0,-0.5826076889753954,1.2095609091049304,Lost
14177,86,4,554.46,-0.12949902825839893,0.41549526212165827,Loyal Customers
14178,9,7,1620.93,1.635418643108161,-0.3842169404062099,Champions
14179,41,2,719.78,-0.1882540828387798,-0.15115641204614966,New Customers
14180,11,25,4640.77,3.1363393065295417,0.574046614420027,Champions
14184,67,1,452.89,-0.9607400996565759,-0.1718359535515545,Lost
14185,331,1,197.65,-1.9626034322351766,0.5338112766872908,Lost
14188,31,6,2018.91,1.1763657378350627,0.3818755222817126,Loyal Customers
14189,2,15,4604.31,3.222589353773601,-0.49813880758975776,Champions
14191,2,13,4660.01,3.1076641057327135,-0.5458487418362421,Champions
14193,68,2,853.39,-0.295966248676515,0.22585705641023018,Loyal Customers
14194,5,21,11216.75,3.673649809607037,0.3901467429468032,Champions
14195,202,2,962.7,-0.6498283138914783,0.9546295544929124,Lost
14196,107,1,335.52,-1.2809589358400215,0.012888825098332345,Lost
14198,18,4,663.5,0.5370628345094015,-0.4849884070772603,New Customers
14199,218,1,185.4,-1.8344432768122545,0.24654935047952345,Lost
14201,60,7,688.04,0.5343100274124547,0.4519272186086493,Loyal Customers
14204,2,1,161.03,-0.2648710652587541,-2.5277730580284214,New Customers
14205,17,2,218.78,-0.43551754485682215,-1.1213407413601857,New Customers
14206,239,1,308.26,-1.6261799980880696,0.48897926577834816,Lost
14208,95,1,151.74,-1.6154649266627161,-0.3494349736833395,Lost
14209,11,6,2067.13,1.561899664297521,-0.2321052215604035,Champions
14210,106,6,1900.89,0.6869215219697321,1.1261457337285248,Loyal Customers
14211,53,9,2208.3,1.3421907399961015,0.8857549172210565,Loyal Customers
14212,90,1,1070.48,-0.6592987887180016,0.3257847770233826,Lost
14214,31,5,1000.23,0.6999032859508474,0.0662543206933949,Loyal Customers
14215,12,6,1777.92,1.4590022796981277,-0.23613747839386875,Champions
14216,3,4,1839.3,1.6208318757833722,-1.1031724621891645,Champions
14217,2,17,1925.36,2.9103879247057294,-0.7694842742250938,Champions
14218,43,1,169.48,-1.2650406321351506,-0.804629869795099,Lost
14219,4,1,89.94,-0.7372029437794564,-2.413795548727624,New Customers
14220,247,2,632.4,-0.9278106549183555,0.9289389916562301,Lost
14221,42,9,3427.85,1.6402333605895048,0.9011853182394283,Champions
14222,177,1,683.17,-1.130748842957602,0.5883409199730232,Lost
14223,92,3,975.23,-0.08577134962517734,0.5760679836538986,Loyal Customers
14224,110,4,1050.12,0.08393282526996144,0.8023213639847318,Loyal Customers
14226,29,5,2201.64,1.1032505615647181,0.31230825602176293,Loyal Customers
14227,26,10,3315.71,1.8879557224101526,0.6308744674432396,Champions
14229,52,3,1450.6,0.31932564542790987,0.36357340052675147,Loyal Customers
14231,184,3,822.06,-0.4301426980159325,0.9504823767657099,Loyal Customers
14232,43,5,2043.93,0.9214460856294725,0.5283621665810974,Loyal Customers
14233,49,4,1447.51,0.5422338649293751,0.41285361605904525,Loyal Customers
14234,22,4,775.46,0.5389684759435791,-0.30703375230354063,Loyal Customers
14235,75,5,3093.86,0.9119802151413371,1.0261244503658116,Loyal Customers
14236,81,2,490.86,-0.6270695000369876,0.13440037405843766,Lost
14237,373,1,161.0,-2.1060173215002234,0.5351764914237984,Lost
14238,326,1,146.85,-2.0986849770352545,0.41666147701469164,Lost
14239,43,11,2323.5,1.6095410287400698,0.8453861136115207,Champions
14240,30,2,890.34,0.0296289330402104,-0.2665958936359071,New Customers
14241,184,1,213.7,-1.7021789546473085,0.19091489920651558,Lost
14242,235,2,280.55,-1.2983564767905897,0.6022973610945186,Lost
14243,9,10,2535.88,2.1381430785052684,-0.09715632044725575,Champions
14245,220,2,1677.48,-0.4157091283626826,1.2105473038594021,Loyal Customers
14246,111,3,1474.06,0.041574346358221506,0.8443248085323806,Loyal Customers
14247,278,1,136.77,-2.0720391277622996,0.2901921156158748,Lost
14248,318,1,302.58,-1.7436454586143282,0.6628469370597119,Lost
14250,7,3,1904.05,1.1712947048652822,-0.7376590042599995,New Customers
14251,2,5,2879.7,2.110638242189418,-1.05152908476855,Champions
14256,260,2,935.06,-0.759687185006799,1.1035545216910025,Lost
14257,64,5,3087.27,0.9706047209453709,0.9261097446208542,Loyal Customers
14258,9,9,12650.08,2.8238290469657445,0.4506080406291919,Champions
14259,142,1,120.0,-1.879394449972048,-0.18129616424399014,Lost
14261,51,2,1163.45,-0.03932404110012019,0.1590261244796677,Loyal Customers
14262,8,8,2618.23,2.0122969199821945,-0.23067865459386025,Champions
14264,155,2,319.47,-1.0782226680414122,0.3866667631940089,Lost
14265,109,2,530.18,-0.702201333276195,0.3488587208605814,Lost
14267,163,3,1279.09,-0.17202231379762079,1.0347838061741212,Loyal Customers
14270,332,1,492.65,-1.5264924404550766,0.8670992474094352,Lost
14271,226,1,112.32,-2.0871939711070504,0.08814759673998954,Lost
14272,74,2,437.96,-0.6476840112284806,0.03633945467721306,Lost
14273,51,4,559.97,0.07159486523757315,0.09241183555283648,Loyal Customers
14276,99,3,1019.39,-0.09220634570673027,0.6382371634858254,Loyal Customers
14277,15,3,3957.0,1.2580984614012365,-0.03149544478424464,Loyal Customers
14280,197,1,134.04,-1.9508145307214144,0.06522610722370828,Lost
14282,3,15,3729.34,3.0116183763296496,-0.3922432513723709,Champions
14284,31,2,578.45,-0.18934680506209278,-0.4032162973903385,New Customers
14285,21,4,1910.01,0.9885551837773923,-0.007379397687714068,Loyal Customers
14286,24,3,4595.81,1.1597055305449815,0.3062487168999663,Loyal Customers
14287,8,3,151.23,-0.0874357947409474,-1.582779318638504,New Customers
14288,213,1,413.85,-1.4413374960745162,0.5231295256246717,Lost
14289,9,6,911.26,1.2382997728684222,-0.645789053897421,Loyal Customers
14290,11,5,2307.45,1.4753676682744121,-0.25221521919393064,Champions
14291,2,11,3873.3,2.879524182338776,-0.6732771817147678,Champions
14292,8,9,4819.33,2.40053132461594,0.032469689659269496,Champions
14293,3,4,1046.56,1.35016881643371,-1.3082961331726795,New Customers
14295,40,1,154.7,-1.281660829214043,-0.882467133405065,Lost
14297,18,4,1284.06,0.8538691827995989,-0.244894759616431,Loyal Customers
14298,8,44,50862.44,4.891940467787432,1.476951698891682,Champions
14299,8,9,2855.35,2.1491627446276818,-0.15803154098888403,Champions
14300,19,1,43.2,-1.612659601888614,-1.796508190307098,New Customers
14301,117,1,632.04,-1.0112187761282216,0.29912501445772655,Lost
14304,223,1,197.1,-1.8138131481699271,0.28303978943621994,Lost
14305,71,3,1803.76,0.3070418032331446,0.6373143546556579,Loyal Customers
14306,51,2,2083.42,0.24035855038330317,0.37098530359006293,Loyal Customers
14307,89,6,2995.72,0.971333996196574,1.1818420411622985,Loyal Customers
14309,8,9,2319.68,2.049400587900843,-0.23363690753654287,Champions
14311,243,1,229.71,-1.7732401285814339,0.3927997856413934,Lost
14312,47,6,1611.59,0.9134932046370904,0.5572535318825651,Loyal Customers
14314,107,1,120.0,-1.7722979638988499,-0.3594754915360166,Lost
14315,45,6,2456.98,1.132199054889714,0.6836815041961279,Loyal Customers
14317,65,1,508.58,-0.8937583299591949,-0.14865370203997977,Lost
14320,207,2,343.11,-1.1537896624532265,0.5951790641274166,Lost
14321,11,5,1530.75,1.2783427599390995,-0.4015317626854438,Loyal Customers
14323,115,2,574.26,-0.6841691098065698,0.4115911968753443,Lost
14326,242,1,166.85,-1.9244697448876087,0.27439534897973983,Lost
14327,163,1,311.65,-1.4756725967311008,0.25125744355230184,Lost
14329,17,7,4928.74,1.9451646669368903,0.39356523504717017,Champions
14331,124,2,462.66,-0.8162756820168894,0.38050835612825734,Lost
14332,23,3,866.31,0.3741818751205593,-0.32677950601379946,Loyal Customers
14333,68,1,351.45,-1.0878136288182636,-0.25465200035306745,Lost
14334,17,8,2539.46,1.7331828616976372,0.19817182922762325,Champions
14335,16,2,468.26,-0.04934727893706747,-0.8814862394766733,New Customers
14336,17,4,1614.91,0.9845424990463972,-0.1958143346996612,Loyal Customers
14338,161,2,554.22,-0.8286298622762349,0.6106894187873781,Lost
14339,243,1,289.91,-1.6618687150164542,0.4772032991757585,Lost
14340,219,1,134.7,-1.9886692031014346,0.13387726804250624,Lost
14341,45,8,2166.38,1.298925675153183,0.7359077426317988,Loyal Customers
14342,21,4,607.71,0.4390076445929637,-0.42385739394002303,New Customers
14344,127,8,889.93,0.48144762556346454,1.0618565722285378,Loyal Customers
14345,39,1,108.98,-1.4392271588158165,-1.024692545771736,Lost
14346,121,2,1021.58,-0.42707942377550384,0.6530198220773173,Loyal Customers
14348,260,1,409.57,-1.5220667920947855,0.6453777987120802,Lost
14349,10,1,133.5,-0.8500178961598422,-1.7708599194730268,New Customers
14350,274,1,258.7,-1.7620129854718625,0.5118060082433172,Lost
14351,165,1,51.0,-2.3419769316709806,-0.39407806918324184,Lost
14352,157,4,1078.96,-0.03776472728621008,1.0362785922699222,Loyal Customers
14353,215,1,90.6,-2.1704554834465406,-0.02084282997498427,Lost
14354,6,2,163.62,-0.21400729603709887,-1.8260288190081484,New Customers
14355,366,1,174.4,-2.0606338793704193,0.552115035480392,Lost
14356,80,2,666.94,-0.4753976908261344,0.23800980473814193,Lost
14357,43,1,225.77,-1.127986634679008,-0.7007626514583296,Lost
14359,19,3,882.58,0.45266792669599276,-0.4357400233992641,New Customers
14360,32,4,2128.23,0.8858040451909288,0.28934759963473744,Loyal Customers
14362,22,1,161.2,-1.041469168542168,-1.2345059437035917,New Customers
14364,109,8,3717.35,1.2255824158623567,1.4857911148666003,Loyal Customers
14367,8,16,9167.82,3.189022563594333,0.4735167268693763,Champions
14368,320,1,155.0,-2.0658449154055902,0.424440303525847,Lost
14371,295,1,100.5,-2.2413661359590016,0.21651143470855166,Lost
14373,358,1,76.55,-2.4442651759329057,0.24101606382941915,Lost
14375,185,1,257.68,-1.6147215064697789,0.2621755168056258,Lost
14377,191,2,617.05,-0.8419525656298837,0.7575575721581977,Lost
14379,44,2,348.1,-0.5628213639721615,-0.3712840043186771,New Customers
14381,52,1,202.68,-1.250570967710354,-0.6217293876210233,Lost
14382,26,1,626.07,-0.4530932144161048,-0.640465618582652,New Customers
14383,38,3,1247.69,0.3640202830074106,0.11406621240059527,Loyal Customers
14385,9,3,202.11,0.010880317908762515,-1.4109302874744927,New Customers
14386,297,1,142.4,-2.077934700485544,0.3465903364984936,Lost
14387,33,3,1770.56,0.5843761449675176,0.1543080827526272,Loyal Customers
14388,10,8,3172.04,2.027874675742579,-0.03347905708323496,Champions
14389,65,2,999.72,-0.20306925427847472,0.25519190899351873,Loyal Customers
14390,10,9,4592.47,2.300816066222292,0.1422937644116242,Champions
14393,218,1,67.95,-2.3121624519545287,-0.11549307651383854,Lost
14395,2,9,3471.91,2.662184754736063,-0.7842110212737851,Champions
14396,65,2,487.99,-0.5470671248336704,-0.0055090015346391285,Lost
14397,3,19,2556.68,3.0320344296353694,-0.4425900017467352,Champions
14400,149,1,559.7,-1.1610535502370622,0.40725534606773417,Lost
14401,4,13,4039.98,2.844208062322574,-0.27357339100297606,Champions
14403,130,4,1426.31,0.16768573405385906,1.0188491247099967,Loyal Customers
14404,34,6,1434.72,0.9781907010199484,0.31447744962305235,Loyal Customers
14406,119,1,156.75,-1.6850944802315637,-0.19604823487137635,Lost
14407,107,6,2111.08,0.7337257567720604,1.1702108258415815,Loyal Customers
14408,11,7,2606.53,1.7939261618073703,-0.09564938225563477,Champions
14409,71,6,1908.25,0.8399190044257314,0.8760924521321478,Loyal Customers
14410,92,9,576.3,0.4901239011160069,0.742241518493451,Loyal Customers
14411,311,1,1063.0,-1.1327456924566806,1.1053223192344446,Lost
14412,43,2,761.33,-0.17908042821275655,-0.10122559326235506,Loyal Customers
14413,362,1,122.7,-2.224197429248097,0.4180326706629704,Lost
14414,92,7,1485.13,0.7426309312641608,0.9994247130752827,Loyal Customers
14415,1,13,5811.56,3.3684122973402935,-0.7228366968300538,Champions
14416,22,2,490.22,-0.14270301120407328,-0.6729678313747535,New Customers
14418,4,3,1937.25,1.3589075356306208,-1.0296983324393636,New Customers
14419,11,6,1058.06,1.2404159653021143,-0.47574362813773435,Loyal Customers
14420,99,1,385.87,-1.1846207063512333,0.014797249039142079,Lost
14421,57,2,813.11,-0.2529083730978885,0.09804601286570787,Loyal Customers
14422,1,6,4263.64,2.5931224393642065,-1.105941848555641,Champions
14423,218,1,265.2,-1.6632674229228686,0.3762760284306809,Lost
14424,18,1,322.08,-0.6375806961840609,-1.104927023394785,New Customers
14426,24,10,3918.9,1.9975813704450225,0.6428528435844549,Champions
14427,50,2,363.34,-0.5900479127036613,-0.2762831750579994,New Customers
14428,7,5,1230.14,1.3280906971860125,-0.7384275634595756,New Customers
14431,303,1,397.76,-1.59427064578968,0.7315547764886496,Lost
14432,10,6,2255.51,1.636970554892023,-0.2555995987268171,Champions
14434,22,6,1372.8,1.1171945650770214,0.03193146239650909,Loyal Customers
14436,99,1,89.06,-1.8847918276906273,-0.5158317591116884,Lost
14438,306,1,131.9,-2.125813045908334,0.3377945450357353,Lost
14439,320,1,2661.24,-0.7030462688302553,1.4572456736734063,Lost
14440,8,5,2357.68,1.595462846748378,-0.4269815608560416,Champions
14441,1,4,1545.14,1.8016162076057136,-1.6065427364364187,Champions
14442,205,2,1544.62,-0.42850546559462943,1.1359138093137227,Loyal Customers
14443,54,4,1400.88,0.4901537566431666,0.46143872543678816,Loyal Customers
14446,1,4,1039.58,1.6114037760053745,-1.750696402364495,New Customers
14447,19,5,1163.23,0.951669140112082,-0.1771662425341649,Loyal Customers
14448,9,2,375.35,0.04711133785311256,-1.2986167006532876,New Customers
14449,19,4,907.1,0.6675178653397532,-0.33873385306122705,Loyal Customers
14450,181,3,483.25,-0.6786987571106329,0.747008132836099,Lost
14451,60,2,662.59,-0.37034792138876194,0.05563534496520596,Loyal Customers
14452,11,2,264.44,-0.19015374659062848,-1.3099878538527037,New Customers
14453,190,1,119.93,-1.990093964898948,0.0022044884898231513,Lost
14456,5,9,3047.63,2.3351479448606782,-0.39167909068805107,Champions
14457,311,1,113.64,-2.2029731129966597,0.2942438594850657,Lost
14459,155,1,1837.92,-0.60547661156118,0.8645376517576817,Loyal Customers
14460,110,3,383.34,-0.6010457218511328,0.34902532447521933,Lost
14461,148,3,2103.06,0.10327941629616925,1.1548050733825126,Loyal Customers
14462,66,11,1965.9,1.3688712004393555,1.0514836437509156,Loyal Customers
14463,98,3,529.62,-0.40247309411302423,0.393814375190072,Loyal Customers
14465,247,3,1058.62,-0.42059937611199794,1.2284765069222752,Loyal Customers
14466,29,7,2272.4,1.3784775789013868,0.43603506613506765,Loyal Customers
14467,18,4,598.76,0.48782392651800655,-0.5223044175689856,New Customers
14470,12,2,461.19,0.04570733428910878,-1.0572899156503814,New Customers
14472,104,8,1936.84,0.9302804190307501,1.219016164982467,Loyal Customers
14473,74,2,234.34,-0.9471261145620701,-0.19059459251191838,Lost
14474,46,1,537.71,-0.7375279505350117,-0.3439144520612378,Lost
14475,72,3,799.82,-0.08853121682199135,0.35027015322483446,Loyal Customers
14476,257,1,215.7,-1.8246184639145269,0.40540643365964,Lost
14477,20,4,1307.81,0.824482498874069,-0.17470140313218727,Loyal Customers
14479,254,2,316.25,-1.2705531029987143,0.6949052831258554,Lost
14480,11,1,279.05,-0.5309200092000514,-1.4486423000832673,New Customers
14481,165,2,636.51,-0.7715478952774774,0.6764839038314233,Lost
14482,18,6,2068.15,1.386817856340275,0.05975668607003422,Loyal Customers
14483,282,1,129.2,-2.104616762486029,0.2786543691202969,Lost
14484,50,1,321.92,-1.014521856158576,-0.47837600414657133,Lost
14485,39,1,165.75,-1.239304883902841,-0.8731802151269142,Lost
14487,27,6,1183.58,0.9709616652308347,0.10284295423285403,Loyal Customers
14488,68,1,1047.43,-0.5641595615727949,0.1422024682874942,Lost
14489,207,1,463.38,-1.376310612972777,0.5461375578774501,Lost
14491,175,2,340.93,-1.093108772383943,0.4868299746800852,Lost
14493,7,5,2362.84,1.641448595743229,-0.5009473449244769,Champions
14494,26,1,139.56,-1.171427090666725,-1.1848593827054144,New Customers
14495,51,2,123.8,-1.1120962893940174,-0.6539809486983725,Lost
14496,312,2,538.81,-1.0934191633132448,1.018485192671612,Lost
14497,309,1,457.47,-1.5347008508990247,0.7947568050710166,Lost
14498,43,5,1957.32,0.9006579675563602,0.5126077629242362,Loyal Customers
14499,26,3,815.32,0.3001411239340846,-0.2740753786074287,Loyal Customers
14500,88,3,356.85,-0.5510752198716682,0.18281830354045409,Lost
14501,184,2,190.31,-1.3910828706108431,0.30708361738004464,Lost
14502,20,11,2351.02,1.8973890237320992,0.3801761896850509,Champions
14503,3,6,3543.26,2.23979685890914,-0.7333330250976562,Champions
14504,47,4,673.26,0.19049285959166748,0.10857025329922783,Loyal Customers
14505,17,8,5818.7,2.131350608222433,0.49992571478053827,Champions
14506,17,5,2012.17,1.2549323935901746,-0.044675871160972394,Loyal Customers
14507,24,6,1368.18,1.083765073175367,0.08363059213641205,Loyal Customers
14508,22,2,276.42,-0.4171582492332939,-0.8809654283888302,New Customers
14511,11,5,1267.41,1.1877254116823552,-0.47020667966109947,Loyal Customers
14512,188,2,275.28,-1.2227041119252977,0.45445320625496416,Lost
14513,101,3,438.49,-0.5043762648553632,0.3441667242426047,Lost
14514,61,3,1055.35,0.1068085980442436,0.3474183040246951,Loyal Customers
14515,18,6,2102.09,1.3946331303666637,0.06567953975345449,Loyal Customers
14517,33,2,330.45,-0.48080334597111984,-0.5680890877603644,New Customers
14518,64,1,174.37,-1.4003225878480874,-0.546661732662822,Lost
14520,2,2,270.6,0.3497589915681397,-2.181569244128924,New Customers
14522,24,4,974.54,0.6167961729330284,-0.1710176749037536,Loyal Customers
14523,108,1,241.09,-1.442679116018861,-0.10115680887566442,Lost
14524,32,9,1867.68,1.4496458606856717,0.5122055465874741,Loyal Customers
14525,20,9,4221.37,2.0136531713414927,0.5220658797393956,Champions
14527,3,55,7711.38,4.4928962755117405,0.3608331169642938,Champions
14528,37,1,364.22,-0.8431355568483818,-0.6203292473985978,New Customers
14529,60,3,620.04,-0.1421422837713396,0.14372671208197957,Loyal Customers
14530,26,6,2925.91,1.4193456726290374,0.40905451998551656,Loyal Customers
14532,236,4,932.85,-0.2622819350806383,1.240724422087712,Loyal Customers
14533,25,7,1812.62,1.3245358036984576,0.2629481942285163,Loyal Customers
14534,3,18,4075.35,3.209563993690915,-0.29291848037072854,Champions
14535,60,3,2841.09,0.5884289900107108,0.6973946634948839,Loyal Customers
14536,260,1,171.8,-1.9377713460832444,0.3303335353258511,Lost
14537,58,1,355.56,-1.0225110033644116,-0.34981166622354626,Lost
14538,65,2,388.25,-0.656645757601715,-0.08855384507089047,Lost
14539,16,2,537.48,0.016746348253608823,-0.8313967759549704,New Customers
14540,10,3,996.26,0.7388891298233483,-0.77114997255363,New Customers
14541,59,8,1461.65,1.0086470992822625,0.7613938641926393,Loyal Customers
14542,186,1,103.25,-2.0533135162448155,-0.0652604008319757,Lost
14543,29,16,2916.17,2.1795887318560534,0.8208270006356324,Champions
14544,24,2,2024.45,0.5059826035267588,-0.10432355573294418,Loyal Customers
14546,5,5,2487.02,1.7757978020837146,-0.6649111835434793,Champions
14547,4,8,3986.74,2.4384609474011185,-0.4507468531628894,Champions
14548,151,2,652.8,-0.7258135304112385,0.6297441976614102,Lost
14549,311,1,289.24,-1.7567661283858247,0.6324045782834788,Lost
14550,11,2,765.62,0.319311649243027,-0.9238863574624485,New Customers
14551,18,2,186.23,-0.533140717555024,-1.1453739108904635,New Customers
14552,152,1,165.07,-1.7530929710530636,-0.023130305782026853,Lost
14553,19,5,859.27,0.8063287305795636,-0.287313369435008,Loyal Customers
14554,10,4,2381.04,1.3588358403291876,-0.3671387120212454,Loyal Customers
14555,57,2,324.14,-0.6937969900348321,-0.23608414814794537,Lost
14560,7,22,2174.18,2.816107841744315,-0.007077162161244609,Champions
14561,76,3,1080.76,0.035563184788394896,0.49360068311273525,Loyal Customers
14562,4,18,4709.22,3.1938582291315845,-0.09866526505639538,Champions
14565,96,4,3073.77,0.6509686447424893,1.1074973489145403,Loyal Customers
14566,111,1,1432.0,-0.5988632173359951,0.5634183007965204,Lost
14567,57,2,1524.46,0.0487331665892313,0.32664691647778366,Loyal Customers
14569,1,1,227.39,0.05471302108335405,-2.660171866861896,New Customers
14570,281,2,218.06,-1.4868468653440392,0.6239673860428081,Lost
14572,3,7,2803.69,2.248076533847721,-0.7664450970068971,Champions
14573,180,9,1603.72,0.7271608018420339,1.5370850310695825,Loyal Customers
14576,372,1,35.4,-2.8221787240026446,-0.010044402572223877,Lost
14577,13,4,859.71,0.7778493362729048,-0.584640215618996,New Customers
14578,3,1,168.63,-0.3526076616626816,-2.328483565117019,New Customers
14581,17,1,138.6,-1.0200279008801125,-1.4447181540041698,New Customers
14582,41,1,114.11,-1.435942147686322,-0.9771271467168726,Lost
14583,6,5,1052.55,1.3042076457135288,-0.8798933046770055,New Customers
14584,169,4,1029.26,-0.08832381272612226,1.0655926022143707,Loyal Customers
14585,50,1,157.05,-1.3577320387688456,-0.7384799605013708,Lost
14586,277,1,134.16,-2.0798566732151405,0.28095022523362595,Lost
14587,19,9,1598.24,1.565906294698286,0.13766231117070005,Champions
14589,372,1,39.75,-2.76795288740003,0.0310509825638435,Lost
14591,15,4,1447.14,0.9768228753676511,-0.31048106710147927,Loyal Customers
14592,35,3,570.46,0.019085745437890125,-0.22129371852739832,Loyal Customers
14593,22,3,617.99,0.22839183943091576,-0.4765869917731366,New Customers
14594,7,2,379.83,0.13792832625419935,-1.435946411136541,New Customers
14595,20,6,1740.6,1.2658531836002824,0.060547098199605916,Loyal Customers
14597,11,2,883.15,0.38782728257565324,-0.8719613616291879,New Customers
14598,44,1,221.97,-1.1446779162568526,-0.6926502154110371,Lost
14600,306,1,393.33,-1.603383480411961,0.7337210174639444,Lost
14601,11,1,213.96,-0.6579816165496614,-1.5449367238706946,New Customers
14603,275,1,660.0,-1.3146375655808669,0.8542056715129628,Lost
14606,1,93,11713.85,5.4263186519871525,0.2750799730893155,Champions
14607,16,14,11341.1,2.935424663769227,0.9058163172955799,Champions
14608,4,4,1785.15,1.521352834612973,-0.9724073418888627,Champions
14609,72,4,601.56,-0.023466273452592046,0.3337608399104336,Loyal Customers
14616,243,3,406.08,-0.8739299344764843,0.8698945149786677,Lost
14618,9,3,538.59,0.480216625421055,-1.0552408684821575,New Customers
14619,246,1,379.51,-1.537556340679228,0.5827040100638448,Lost
14620,206,2,393.28,-1.0865747778965142,0.6416658789758147,Lost
14621,1,5,1765.76,2.0304907375961463,-1.4868669482988814,Champions
14622,185,1,320.58,-1.5101701025529557,0.3414104439117795,Lost
14623,32,5,869.35,0.6208709644168114,0.03478824048988453,Loyal Customers
14624,57,2,225.85,-0.866708773408932,-0.36712641097916976,Lost
14625,196,2,848.48,-0.6989814553810942,0.8896603242614797,Lost
14626,24,4,2757.07,1.1160265828731293,0.20732717422183664,Loyal Customers
14628,91,2,671.96,-0.5203829644573207,0.3215626767960842,Lost
14629,4,2,939.21,0.7513626265996866,-1.4052743089724118,New Customers
14631,51,3,1006.98,0.15139877289482329,0.2187109022423404,Loyal Customers
14632,263,1,114.56,-2.1353998875349016,0.19111816897791833,Lost
14633,266,1,344.9,-1.6130691975233253,0.5974090429700466,Lost
14636,36,2,609.85,-0.2193866722434864,-0.29185270203033303,New Customers
14638,51,1,443.6,-0.8683269343271026,-0.34964146732580287,Lost
14639,52,6,2952.34,1.1663488224381606,0.8404289657568705,Loyal Customers
14640,24,6,2042.15,1.276041810890986,0.22934870520189,Loyal Customers
14641,22,1,110.46,-1.221681146341178,-1.3710807039614281,New Customers
14642,59,1,96.12,-1.6536510313801531,-0.8125974195193378,Lost
14643,170,2,668.61,-0.7592719958291011,0.7132038609497792,Lost
14644,68,2,780.46,-0.33882532334972826,0.1933760419967756,Loyal Customers
14645,157,2,597.09,-0.783364226072875,0.6218962747963989,Lost
14646,2,73,279489.02,6.579123466806867,1.5939018077416789,Champions
14647,201,1,243.22,-1.6738356658696707,0.29361429264189615,Lost
14649,5,4,1417.29,1.3410194851075516,-0.9406324281884656,New Customers
14651,67,2,654.6,-0.4176122499527106,0.12017947112430846,Loyal Customers
14652,77,1,114.18,-1.6718231167865787,-0.5839784288904916,Lost
14653,1,7,1947.55,2.337574054120138,-1.338997645120754,Champions
14655,8,4,1930.15,1.334596402103678,-0.5709026190775066,Loyal Customers
14656,169,2,291.05,-1.1556185216848542,0.4074115831121163,Lost
14657,18,4,838.27,0.6492245074273357,-0.39998599061208306,Loyal Customers
14658,5,2,247.15,0.04193807946794471,-1.7744744267482144,New Customers
14659,9,9,2456.53,2.036726590457331,-0.14590241671611998,Champions
14660,87,2,285.74,-0.9132193685615565,-0.017218526278481347,Lost
14661,27,1,107.95,-1.3076700585265548,-1.2545129340450123,New Customers
14662,29,4,771.17,0.4349372715828532,-0.14039891008981106,Loyal Customers
14664,20,2,637.89,0.018260660027111384,-0.6350267353882106,New Customers
14665,61,5,1258.38,0.5577582937410382,0.5695759454484021,Loyal Customers
14666,24,1,195.25,-0.981744514497242,-1.112209369193025,New Customers
14667,11,25,9231.2,3.4666320001146977,0.8243609719463529,Champions
14669,242,3,1269.99,-0.32545924445438534,1.2817622764041916,Loyal Customers
14670,280,2,411.53,-1.1814446655823827,0.8521363671777169,Lost
14672,235,2,765.55,-0.8172380338531009,0.9669159441783564,Lost
14673,3,5,1736.4,1.7579948131290095,-1.0530008708941747,Champions
14675,16,1,604.75,-0.2932110798035212,-0.9467025566628926,New Customers
14676,31,6,2543.24,1.2872215358755366,0.4658882734066937,Loyal Customers
14680,25,16,26932.34,3.301892861507415,1.539165351523673,Champions
14681,71,3,498.95,-0.3095774717327032,0.17000562924592988,Loyal Customers
14682,188,2,52.0,-2.015828835419806,-0.1466212633157279,Lost
14684,26,5,1236.28,0.8664068433314972,0.03547522350152175,Loyal Customers
14687,107,1,628.38,-0.9802195819686148,0.24080600161860244,Lost
14688,8,21,5107.38,3.141104376396962,0.3611514799327497,Champions
14689,209,1,112.8,-2.0554654778350243,0.04027679076688458,Lost
14690,44,2,358.61,-0.5485732273755624,-0.36048596601085864,New Customers
14691,31,5,2114.33,1.0591997843442469,0.3385493908040355,Loyal Customers
14692,137,4,582.05,-0.2822236234265734,0.7259759192938574,Loyal Customers
14693,265,1,172.9,-1.9419628224934133,0.3446882900605949,Lost
14696,4,7,2070.97,2.017495698605591,-0.7350362809511917,Champions
14697,218,2,188.61,-1.4597381453138358,0.410924578084044,Lost
14698,2,5,1250.76,1.7102708494191272,-1.3549499858123308,Champions
14699,214,1,109.13,-2.080189250689914,0.04327887839205313,Lost
14700,32,3,2235.3,0.7076700068174071,0.22016680105223996,Loyal Customers
14701,11,9,2486.22,1.9729366123177805,-0.025804389322992005,Champions
14702,1,17,3250.64,3.3165579134310734,-0.8362634222339822,Champions
14703,15,1,318.17,-0.5778660214308549,-1.21843941105768,New Customers
14704,11,9,1546.91,1.7451235803295728,-0.1984539024541398,Champions
14705,199,1,179.0,-1.8166017481991337,0.1762253102688336,Lost
14708,3,3,1096.67,1.1709125726581862,-1.3783274020491627,New Customers
14709,15,13,4911.14,2.494224148158091,0.5357908054505209,Champions
14710,14,4,606.13,0.583876631376214,-0.6679030930449879,New Customers
14711,10,11,2838.2,2.234512962149215,0.03826735973120693,Champions
14712,29,3,917.07,0.31637039350255913,-0.16443636839244646,Loyal Customers
14713,9,11,2664.26,2.240506896547226,-0.04524444112872688,Champions
14714,24,1,160.19,-1.0762809993576046,-1.1838544280460082,New Customers
14715,25,4,867.38,0.5459379455673187,-0.18848312829243907,Loyal Customers
14716,43,2,329.68,-0.5802863441918659,-0.40528197429816387,New Customers
14719,2,5,1592.18,1.8261235055372937,-1.2671503349355226,Champions
14720,6,3,663.81,0.7165396529701396,-1.2056637518090183,New Customers
14722,147,1,187.92,-1.678492299761105,0.002710050911672904,Lost
14723,10,6,1158.3,1.3170528593604505,-0.49805119990836755,Loyal Customers
14725,25,1,718.08,-0.37292719808665925,-0.6145785144556717,New Customers
14727,274,1,268.58,-1.7440774648739643,0.5253985532876284,Lost
14729,374,1,313.49,-1.7883898838886603,0.7783593540621301,Lost
14730,1,8,2005.06,2.4580112616176377,-1.2824652493140452,Champions
14731,47,3,380.02,-0.2853776446279897,-0.1862519645695233,New Customers
14732,8,8,2686.34,2.0246283348091363,-0.22133321571571957,Champions
14733,16,12,9451.54,2.718535721805403,0.7836552058298544,Champions
14735,4,32,5807.69,3.793569880405936,0.19298988264251402,Champions
14737,4,3,1164.55,1.1146027541064731,-1.214846219799639,New Customers
14738,43,7,1289.94,0.9605245692224625,0.47312235208272935,Loyal Customers
14739,4,7,3899.1,2.3213211986884605,-0.504780249466346,Champions
14740,197,3,1423.21,-0.1926524937694736,1.1932070094248661,Loyal Customers
14741,12,6,1400.34,1.3444004389796373,-0.32298919109573415,Loyal Customers
14744,16,7,1088.53,1.2418568680920483,-0.1922479424249441,Loyal Customers
14745,113,5,1167.16,0.28927325775258916,0.9287997194685698,Loyal Customers
14747,249,1,294.3,-1.6639420711751736,0.4980753152127018,Lost
14748,29,5,1311.79,0.8546660249220186,0.12391692981565022,Loyal Customers
14752,44,1,389.64,-0.8753193874491653,-0.488515190954769,Lost
14753,87,1,563.15,-0.954645390019771,0.07098387779612833,Lost
14754,45,2,638.05,-0.28077251532432407,-0.13722586117189436,New Customers
14755,10,11,4965.38,2.5031123842768284,0.24182709050218615,Champions
14756,15,1,738.96,-0.17394904956494325,-0.9123284395761763,New Customers
14757,75,1,420.5,-1.038737503575831,-0.12818859411202754,Lost
14758,145,4,1484.06,0.14537852583718724,1.102099710274254,Loyal Customers
14759,5,3,1625.97,1.2052552162678438,-0.9777030352790622,New Customers
14760,297,1,53.8,-2.540010852746198,-0.0035969290019520444,Lost
14761,59,2,255.9,-0.8198876176726424,-0.3003220378695331,Lost
14762,264,1,300.52,-1.6761597736550704,0.5426490266559328,Lost
14764,47,1,250.55,-1.1113673918841336,-0.6077803404786066,Lost
14765,29,3,254.11,-0.2987617085864741,-0.630618030653578,New Customers
14766,8,6,2423.07,1.7479366402035728,-0.3568971648209705,Champions
14768,17,2,139.5,-0.6504376492504131,-1.2842192696946386,New Customers
14769,3,8,10641.6,2.9951291510483466,-0.23502834334958336,Champions
14770,232,2,876.42,-0.7474680425559824,1.0079721525167702,Lost
14772,112,1,139.26,-1.7186121502453109,-0.27697809938668305,Lost
14775,58,3,1011.9,0.10555470339170978,0.30064684103550754,Loyal Customers
14776,51,11,2195.58,1.518617632283139,0.930815732833096,Loyal Customers
14778,127,2,730.86,-0.6060718834960204,0.5617236215426624,Lost
14779,281,3,386.15,-0.9532626454628578,0.9434917975661337,Lost
14780,55,2,447.68,-0.5257089077985432,-0.14111742075824243,Lost
14782,320,1,200.1,-1.9438606119209099,0.5168868612248043,Lost
14784,26,2,289.99,-0.4553914748864442,-0.7618047397321859,New Customers
14785,10,2,77.4,-0.7427813444704121,-1.809187406804901,New Customers
14788,7,2,679.44,0.4167197635587168,-1.224662598723872,New Customers
14789,29,1,197.64,-1.0454884054197193,-0.9920764143178306,New Customers
14790,17,4,745.06,0.613301531425204,-0.4771615945765804,New Customers
14793,21,1,214.14,-0.8888296956751327,-1.1598948848782735,New Customers
14794,3,7,1272.11,1.8686778114650455,-1.053974761707286,Champions
14795,166,1,131.45,-1.8951551369291935,-0.04990261938963888,Lost
14796,1,17,7839.51,3.739339445914362,-0.5158558269922024,Champions
14798,53,3,173.74,-0.7047755257275625,-0.39527887078968066,Lost
14799,51,1,157.7,-1.3631688709758485,-0.7246604848669176,Lost
14800,48,12,4236.34,1.9292493116811713,1.1635062234580977,Champions
14801,61,1,193.14,-1.3334516843850068,-0.539638790337756,Lost
14803,162,3,845.55,-0.3683234413445935,0.8803651777310476,Loyal Customers
14804,9,1,353.27,-0.34843436748999035,-1.4787860858450912,New Customers
14805,15,4,554.65,0.5166926788153906,-0.6591935780512443,New Customers
14806,75,1,193.39,-1.4105096515647084,-0.4099384123108528,Lost
14808,40,8,2175.37,1.3448147223250282,0.664375787499171,Loyal Customers
14810,41,11,2087.88,1.5759502937356424,0.7769506596774692,Champions
14813,370,2,155.43,-1.7532478610507936,0.6754870207028109,Lost
14815,37,2,778.5,-0.11244992934721655,-0.18617200257286742,New Customers
14816,197,1,271.85,-1.612956466890175,0.32127392731029175,Lost
14817,200,2,1110.34,-0.577580307138792,1.0002358371121702,Loyal Customers
14818,74,3,657.8,-0.19261610036839008,0.2963597965385021,Loyal Customers
14819,64,2,272.07,-0.8211036807038247,-0.22729447722867566,Lost
14820,21,4,507.29,0.3524045786350346,-0.4894900622856824,New Customers
14821,367,1,48.8,-2.6664646180739244,0.095496406000327,Lost
14823,180,3,321.43,-0.8719643331652884,0.5954504095748391,Lost
14824,10,4,1127.71,1.0000675922750866,-0.639033444350086,New Customers
14825,4,12,2226.91,2.49120682941628,-0.5192384152351219,Champions
14828,197,3,2139.76,0.003113021053288861,1.341569113765622,Loyal Customers
14829,29,4,644.65,0.34897914970511784,-0.20554280358150154,Loyal Customers
14830,53,1,197.13,-1.2709729464443926,-0.619922027706804,Lost
14834,18,6,1698.35,1.2922398175920153,-0.011919864653504378,Loyal Customers
14836,10,3,102.45,-0.3495577749858967,-1.5960361809692578,New Customers
14837,90,4,1641.2,0.37405369319697956,0.8386450994939746,Loyal Customers
14840,268,1,62.85,-2.4275300153731374,-0.01294052342401867,Lost
14841,53,6,3295.76,1.2120581569562099,0.892339192683652,Loyal Customers
14842,44,4,2456.8,0.8364090609134339,0.5384565469379029,Loyal Customers
14844,64,4,3189.81,0.8214929020889247,0.8668826196836552,Loyal Customers
14847,149,1,309.4,-1.4450989387807487,0.19198979426315793,Lost
14849,22,25,7904.28,3.143887869878214,1.1808265294067937,Champions
14850,312,1,278.15,-1.7767010686047404,0.6202531514599021,Lost
14851,23,2,511.35,-0.13870959090300278,-0.6306217862398883,New Customers
14852,58,6,2836.69,1.106244562251244,0.8939596500598757,Loyal Customers
14853,24,2,463.05,-0.20184646160679326,-0.6407561838791204,New Customers
14854,78,7,2749.89,1.100653778082448,1.120023417803675,Loyal Customers
14855,119,2,645.65,-0.6409096983066868,0.47569628012018894,Lost
14856,36,3,1311.38,0.4080010201371611,0.09876125040161862,Loyal Customers
14857,60,2,1165.65,-0.09931871994495345,0.2610364989958474,Loyal Customers
14859,13,4,1352.04,0.9951385523417713,-0.41996624137119953,Loyal Customers
14860,19,1,168.62,-0.9666613280278005,-1.306934409157456,New Customers
14861,52,1,125.79,-1.4782677410316005,-0.7942907934034695,Lost
14862,26,2,841.2,0.05509525024041242,-0.3749292226299511,New Customers
14863,29,1,266.76,-0.9020559620779777,-0.8833752513771413,New Customers
14865,7,2,52.2,-0.8075513523228388,-2.152484024270847,New Customers
14866,11,12,14197.45,3.046852085748846,0.7106812264054566,Champions
14867,186,3,701.33,-0.5104416713399089,0.8995614998211247,Loyal Customers
14868,3,8,2939.64,2.3772788394283833,-0.7032700174897888,Champions
14869,9,2,721.95,0.3606967593368643,-1.0609640524632669,New Customers
14870,262,1,327.25,-1.6324685616413832,0.568761622910839,Lost
14871,3,4,522.38,1.016845306648762,-1.5609074134725505,New Customers
14873,210,1,519.68,-1.3268057562395479,0.5968850061637067,Lost
14875,108,2,1448.72,-0.21642909607859842,0.7085669710733593,Loyal Customers
14878,13,9,1485.54,1.6668802776916793,-0.11533568140853967,Champions
14880,77,3,706.19,-0.1735321638966921,0.3470575674437374,Loyal Customers
14881,20,1,255.4,-0.7868034764671163,-1.1255521925721244,New Customers
14882,27,2,589.7,-0.12916583092752684,-0.48097359767163855,New Customers
14883,19,6,756.64,0.8846435534633538,-0.27343080720952706,Loyal Customers
14885,132,1,765.32,-0.9650930601488857,0.4446362754885381,Lost
14886,253,1,364.8,-1.5671564759490253,0.5860898081890219,Lost
14887,79,1,1862.0,-0.3444401753806134,0.4453773269193517,Loyal Customers
14888,207,1,369.2,-1.485187713479245,0.4636243748978839,Lost
14889,336,1,135.9,-2.1471393765984756,0.407769564440618,Lost
14890,254,1,125.65,-2.0781483052788343,0.20246164210573397,Lost
14891,148,2,554.38,-0.7965776821229327,0.5576984989740131,Lost
14893,10,2,1237.85,0.5830529175312394,-0.8043957237767393,New Customers
14894,85,1,655.75,-0.8728686581017898,0.11171952267331824,Lost
14895,8,20,11020.26,3.468420340795621,0.6229316072312798,Champions
14896,205,2,468.77,-1.0005777880479019,0.7023652669613478,Lost
14897,8,4,1366.38,1.1687687330481726,-0.6965761421250732,New Customers
14898,23,6,1228.32,1.0475806615766365,0.018493742633034965,Loyal Customers
14901,11,9,1414.99,1.702335164995091,-0.23088136725138633,Champions
14902,26,1,314.11,-0.783642791452477,-0.8909746568188427,New Customers
14903,21,5,2744.48,1.3274012469098673,0.19563899596082987,Loyal Customers
14904,2,2,1025.44,0.9884008901610408,-1.6975705374047028,New Customers
14905,158,2,599.9,-0.7835197107359078,0.6276073002175034,Lost
14907,3,7,3478.85,2.3516872128403903,-0.6879231040938757,Champions
14908,74,1,277.8,-1.2322269152116452,-0.2870626246391586,Lost
14910,3,4,389.86,0.876601735529013,-1.6671918699072092,New Customers
14911,1,201,132572.62,7.283259656512363,1.4567351623892726,Champions
14912,17,2,841.52,0.20996891244649793,-0.6321548435493168,New Customers
14913,36,4,1227.43,0.5779483491663804,0.16173770075124946,Loyal Customers
14915,91,2,258.83,-0.9775165485677834,-0.02487883290935385,Lost
14916,71,4,1264.84,0.33836531923152874,0.5952338922409839,Loyal Customers
14918,116,2,1610.15,-0.192735541117991,0.7919574362734387,Loyal Customers
14920,213,2,977.77,-0.6625074044250804,0.9937733499169759,Lost
14921,30,2,1316.07,0.21717811018432204,-0.12446059154417094,Loyal Customers
14923,51,1,749.1,-0.617086260804159,-0.15923717138226287,Lost
14924,246,1,310.05,-1.6343760591871421,0.5093285884911606,Lost
14929,32,1,223.88,-1.0222517563430955,-0.8864120352608061,New Customers
14930,109,3,2372.86,0.277010429399998,1.0061047176239075,Loyal Customers
14931,5,5,964.68,1.3211852855955477,-1.0094420865827343,New Customers
14932,366,1,363.53,-1.7092352832200175,0.8184246316033922,Lost
14934,82,2,1888.84,0.014889107228637052,0.6321112462154488,Loyal Customers
14935,297,1,1784.71,-0.8665120196357479,1.264674496212295,Lost
14936,34,8,8117.42,2.037555679190686,1.0431951800066221,Champions
14937,57,3,1617.63,0.3372488332684946,0.4604446115582322,Loyal Customers
14944,30,12,5842.95,2.2583399129975654,0.9899307061103118,Champions
14946,14,1,100.9,-1.1016799272427786,-1.6750403026733167,New Customers
14947,72,2,290.82,-0.8334871230302681,-0.12944359608831382,Lost
14948,23,6,1066.57,0.9798140724943349,-0.0328635853894619,Loyal Customers
14950,19,1,361.25,-0.6021806704152378,-1.0307104919682637,New Customers
14951,79,1,311.69,-1.2017442094703787,-0.20433582951951443,Lost
14952,60,11,7912.79,2.0733894406226354,1.4987306860970555,Champions
14953,25,1,289.82,-0.8077770185646229,-0.9441321362808428,New Customers
14954,12,1,336.17,-0.4722945226866147,-1.3302634515739145,New Customers
14957,253,1,58.49,-2.439614462036716,-0.07510786435333959,Lost
14958,147,3,499.68,-0.5837760491518288,0.6278944668832739,Lost
14959,64,4,684.97,0.08309342972618444,0.307282019634039,Loyal Customers
14960,8,2,221.27,-0.1656596348295107,-1.5572060542989337,New Customers
14961,11,9,7006.58,2.4705009236278697,0.3512777966670014,Champions
14962,271,1,126.7,-2.098804750516591,0.24643231585070002,Lost
14963,10,5,1487.8,1.2978774370380513,-0.46711460220835027,Loyal Customers
14964,247,1,206.21,-1.8310476714252715,0.3640126110969118,Lost
14965,96,2,599.0,-0.5956973779294343,0.3133786720233325,Lost
14966,15,1,191.32,-0.8211960668070502,-1.4028485886088342,New Customers
14967,50,1,463.8,-0.8395754158141766,-0.34579176396556455,Lost
14968,30,1,147.59,-1.1974467963547164,-1.0769454425942424,New Customers
14970,68,4,1592.06,0.46504599480626496,0.6519200176317227,Loyal Customers
14971,35,3,1116.57,0.34126806261903686,0.022874140156249216,Loyal Customers
14972,128,1,114.77,-1.8613105823813108,-0.26277971144548173,Lost
14973,107,3,1314.45,0.000439007881458646,0.7795511150310186,Loyal Customers
14974,37,1,114.39,-1.3965917441041948,-1.0397694367293098,Lost
14975,57,1,279.94,-1.1304872442625555,-0.4474351837964186,Lost
14976,57,7,765.86,0.6049505002585059,0.4588709181798123,Loyal Customers
14978,72,5,1931.42,0.7011128644904667,0.8291094263640806,Loyal Customers
14981,246,1,102.12,-2.1647166617390408,0.1074066877765237,Lost
14984,19,2,213.27,-0.48791048003664034,-1.0637074927839492,New Customers
14985,198,2,296.75,-1.206424767137926,0.5144233895984727,Lost
14987,16,2,326.4,-0.22226264970047716,-1.0125312210330395,New Customers
14988,212,1,334.54,-1.5414702030474452,0.4429160612656155,Lost
14995,39,2,233.23,-0.709573222445582,-0.5913171744406972,New Customers
14997,46,3,540.98,-0.10807937112483039,-0.07133601392651773,Loyal Customers
14998,170,2,429.87,-0.9710551318979215,0.5527027034323193,Lost
15000,48,1,490.52,-0.7974631323597144,-0.350836490947679,Lost
15002,116,4,1641.76,0.27833714466283516,0.9982879131948504,Loyal Customers
15004,147,1,1246.32,-0.77185689204951,0.6898092934913025,Lost
15005,16,28,6180.49,3.2397652446225877,0.9420093682798301,Champions
15006,51,1,502.09,-0.8089579328335842,-0.3046483029160122,Lost
15007,159,1,156.91,-1.7943626617979298,-0.013076586741695097,Lost
15009,12,3,1261.78,0.7885476755644679,-0.5791794602861258,New Customers
15010,36,1,308.94,-0.9117975970672278,-0.6970032270699946,New Customers
15012,54,2,423.04,-0.5459660380855845,-0.17311619239839693,Lost
15014,43,2,260.17,-0.6936402651947463,-0.49118794333713833,New Customers
15016,173,1,170.04,-1.7879977514471648,0.06924279670354813,Lost
15017,34,1,125.58,-1.3207565341705083,-1.0582746744509772,Lost
15018,39,3,456.26,-0.1282023196358258,-0.23557733015758986,New Customers
15019,267,1,266.0,-1.7388597747538774,0.5055316057681599,Lost
15021,9,9,1872.28,1.9063266708785955,-0.24472680104183672,Champions
15022,12,4,905.04,0.8307772721677411,-0.612994682164865,New Customers
15023,3,11,6763.16,3.0374578081490515,-0.28780499378397545,Champions
15024,10,10,1661.33,1.8987277455425453,-0.19054436796243646,Champions
15025,33,1,377.01,-0.7841670993930614,-0.6783978114273644,New Customers
15026,80,3,469.0,-0.3841876190995969,0.22227823624071572,Loyal Customers
15027,31,4,1051.95,0.5592950741394928,0.013471706868578955,Loyal Customers
15028,8,4,627.13,0.7950985590969291,-0.9797643910205663,New Customers
15030,72,2,518.28,-0.5566557749293661,0.08035475061704053,Lost
15031,4,4,668.14,1.0497288131794071,-1.3298305190040065,New Customers
15032,256,3,4464.1,0.2567338678045923,1.7747312423101813,Loyal Customers
15033,5,10,2571.02,2.3396389696726265,-0.41638855528706004,Champions
15034,16,8,4277.66,2.005396060589943,0.3516632641327675,Champions
15035,90,1,252.73,-1.351262009570739,-0.1986238230564842,Lost
15036,72,3,465.55,-0.34805295509285317,0.15359000122311428,Loyal Customers
15038,59,6,665.59,0.4040047054651283,0.3772904524598596,Loyal Customers
15039,10,47,19786.44,4.420216955542372,1.2858105189938693,Champions
15041,170,1,180.35,-1.7532466895815784,0.07951137134754946,Lost
15042,199,1,135.93,-1.9479725267347454,0.0766651544871958,Lost
15043,31,1,537.0,-0.591502475216882,-0.5883950852339215,New Customers
15044,19,17,7629.38,2.84781834475129,0.9357917165667425,Champions
15045,152,2,633.66,-0.7425876142073158,0.6230900489290607,Lost
15046,9,15,5064.01,2.8089590813290495,0.3007048729185307,Champions
15047,270,1,343.62,-1.6205232391495752,0.6054980680419046,Lost
15048,65,4,380.57,-0.20447841006614056,0.10344910451314167,Loyal Customers
15049,274,1,121.17,-2.124255027156069,0.23727863995980075,Lost
15050,25,3,1727.17,0.6748114050969753,-0.02499639869182863,Loyal Customers
15051,23,3,1391.61,0.6016483353332424,-0.15439264444295592,Loyal Customers
15052,319,1,215.78,-1.9066048568255023,0.542238769151274,Lost
15053,5,3,697.79,0.799295706015305,-1.2853619570903834,New Customers
15054,12,2,302.1,-0.1569607079548461,-1.2108831430232252,New Customers
15057,275,2,1489.5,-0.5575514992286299,1.3083706519555127,Loyal Customers
15058,25,11,2124.99,1.7673736344563562,0.47895820871418865,Champions
15059,41,9,1325.82,1.193142688346865,0.540615739749437,Loyal Customers
15060,8,4,303.09,0.4466379717445634,-1.2438473990325656,New Customers
15061,4,48,54228.74,5.223948564885877,1.1604084096811196,Champions
15062,71,4,987.86,0.2197472656620393,0.5053384678282277,Loyal Customers
15063,213,1,370.8,-1.4939656097843403,0.4832449846494997,Lost
15065,38,4,3135.98,1.0082078685735714,0.5364485697947879,Loyal Customers
15066,53,1,760.59,-0.6241825097934505,-0.12974790109473278,Lost
15067,78,3,1744.76,0.2556782910330334,0.6841065817475332,Loyal Customers
15068,46,2,553.36,-0.35726873001435894,-0.17533002379243998,New Customers
15069,179,1,1109.53,-0.9023344069038363,0.771768902795072,Lost
15070,373,1,106.2,-2.304355834598966,0.3848644244502713,Lost
15071,94,2,982.07,-0.3505733775746125,0.4798993941894191,Loyal Customers
15073,10,3,612.43,0.5054629734763872,-0.9480534266434034,New Customers
15074,105,1,748.87,-0.88894707558027,0.29270830874176645,Lost
15075,78,1,773.03,-0.7615524689256886,0.11764502337013144,Lost
15076,173,1,880.85,-1.000156163635417,0.6663134092715308,Lost
15078,7,32,9623.35,3.8568071914106743,0.6751375398648145,Champions
15079,213,4,893.66,-0.24392906992537444,1.1603206585458468,Loyal Customers
15081,22,5,487.35,0.48102385233343636,-0.4047256309480793,New Customers
15083,257,1,88.2,-2.2509971185132756,0.08227273720895469,Lost
15087,282,1,306.94,-1.6911114419156976,0.5920319298794301,Lost
15088,21,2,1140.27,0.2791974015873707,-0.39429570643101075,New Customers
15089,10,6,2420.84,1.670935578576252,-0.22985899577977578,Champions
15090,308,1,381.32,-1.6207183145602246,0.7265828918119541,Lost
15091,68,1,476.96,-0.9414887951994964,-0.14375882157923842,Lost
15092,215,2,457.81,-1.0300022219318405,0.7238593467710639,Lost
15093,18,6,4410.14,1.7504441186327149,0.3353330944896297,Champions
15095,104,4,1364.7,0.23089566416269416,0.8623586675872433,Loyal Customers
15096,43,1,219.39,-1.1416947982682981,-0.7111514678880041,Lost
15097,4,1,248.08,-0.25320991131400417,-2.04699844021825,New Customers
15098,182,3,649.5,-0.5390173622583014,0.8579288617511011,Lost
15099,84,1,410.48,-1.0929929402062692,-0.06590865950250006,Lost
15100,334,3,635.1,-0.7804514917637663,1.2335701126971435,Lost
15101,9,2,310.03,-0.0444587776504442,-1.3680136781706687,New Customers
15103,31,2,703.36,-0.09557665506631048,-0.3321520101469093,New Customers
15104,197,2,1002.54,-0.6208550381265584,0.953546751472534,Lost
15105,18,7,2298.93,1.5583111050521514,0.1503370289556269,Champions
15106,18,5,1407.73,1.0628077043129023,-0.14032759861631272,Loyal Customers
15107,311,6,247.66,-0.6986563099768391,1.0647804033698316,Lost
15108,142,4,1291.75,0.08668229621694208,1.0384350018614437,Loyal Customers
15109,246,1,463.75,-1.4414915566935833,0.6555072998467969,Lost
15110,24,4,970.25,0.6146791236739673,-0.17262209375838033,Loyal Customers
15111,29,3,1567.48,0.5736429326969075,0.030539214199411396,Loyal Customers
15113,10,3,3439.41,1.333728931921546,-0.32034695515382616,Loyal Customers
15114,30,10,2760.56,1.7472590173915974,0.6518797354342512,Champions
15115,18,1,340.11,-0.6114950151389287,-1.085157828924955,New Customers
15116,18,4,1352.75,0.878882747678338,-0.22593807500405894,Loyal Customers
15117,15,5,1550.13,1.1746270352501385,-0.2143521508225236,Loyal Customers
15118,134,1,244.8,-1.516989979290634,0.040167167205968864,Lost
15119,246,1,266.4,-1.7070095415002202,0.45428285537865853,Lost
15120,134,1,343.82,-1.354387813371741,0.16339622278264943,Lost
15121,50,2,457.72,-0.47939699563988947,-0.19242569424643594,New Customers
15122,114,3,1612.13,0.07447070050461632,0.893676441612965,Loyal Customers
15123,7,2,2199.31,0.980470757089325,-0.7974204268831563,New Customers
15124,23,2,184.19,-0.6275308987252105,-1.0010780330449596,New Customers
15125,25,15,11117.05,2.822078275962051,1.193416949897934,Champions
15127,66,1,406.53,-1.006841493523827,-0.22046141236099046,Lost
15128,60,4,1419.54,0.4570030701215918,0.5319735360483657,Loyal Customers
15129,50,11,3447.4,1.7426701212039308,1.0826754826805085,Champions
15130,170,1,330.11,-1.4640626745664007,0.29867126295667096,Lost
15132,18,5,977.93,0.8879663949747204,-0.27283216461503057,Loyal Customers
15133,128,3,982.42,-0.20708323355378486,0.7864336455212722,Loyal Customers
15134,15,8,1387.99,1.488095938462061,-0.09638517698374295,Champions
15135,239,1,127.15,-2.04936334511049,0.16826715290671757,Lost
15136,3,4,1282.45,1.4477231544012517,-1.2343639757059401,New Customers
15139,240,2,178.96,-1.5213499832729611,0.4526694359148097,Lost
15140,52,7,2350.0,1.1774820033059314,0.8094794409376354,Loyal Customers
15142,46,1,498.74,-0.7735975138245235,-0.3712499933445374,Lost
15143,226,1,259.45,-1.6874450494393485,0.39109978563936104,Lost
15144,8,17,6530.04,3.0777318431824416,0.372314726576605,Champions
15145,4,4,1194.73,1.3285837938758176,-1.1184985498393851,New Customers
15146,165,2,1313.66,-0.4238847200056576,0.9399625881738343,Loyal Customers
15147,240,1,608.65,-1.3017482970812218,0.738693300185063,Lost
15148,11,1,301.29,-0.494211942389819,-1.4208228649637684,New Customers
15149,134,1,520.8,-1.155395179917492,0.3142040189070583,Lost
15150,17,10,5303.97,2.268255494143521,0.5444894157277844,Champions
15152,10,13,4684.24,2.6144582684573994,0.28074244651177993,Champions
15153,31,1,329.25,-0.8259197266770468,-0.766049646875655,New Customers
15154,75,1,240.27,-1.3067289200355525,-0.33128754403291066,Lost
15156,1,3,961.49,1.3722300258886666,-1.8661365234368148,New Customers
15157,4,3,1869.5,1.3418166440637143,-1.042650770156607,New Customers
15158,45,1,401.4,-0.86945726167297,-0.46376686130252104,Lost
15159,2,30,18573.68,4.490330664785328,0.26753842317445636,Champions
15160,357,1,158.16,-2.0978321176712402,0.5009854478271343,Lost
15163,18,2,304.47,-0.2980004602834258,-0.9671714148296776,New Customers
15164,69,3,843.05,-0.04726632280621092,0.3427734882175216,Loyal Customers
15165,373,1,487.75,-1.5755833073707561,0.9371691846793505,Lost
15167,321,1,163.0,-2.043008846960422,0.4446203890623493,Lost
15168,26,1,106.56,-1.29996310755913,-1.2822711968699325,New Customers
15171,331,1,1034.5,-1.1694920299832448,1.1348756506720319,Lost
15172,9,5,1624.05,1.376303518063663,-0.4957332534483517,Champions
15174,323,1,135.75,-2.1326573927190626,0.38240026873215915,Lost
15175,72,1,224.14,-1.3246015727288007,-0.38204034436606277,Lost
15178,260,1,40.5,-2.6229692456753146,-0.18894792425798668,Lost
15179,18,5,2186.2,1.2741318925671055,0.01982574246564862,Loyal Customers
15180,367,1,87.5,-2.3902666152487586,0.30481476807729796,Lost
15181,66,3,680.28,-0.13346535567781728,0.23697903228701495,Loyal Customers
15182,154,2,622.85,-0.7557946679447228,0.6250794990924159,Lost
15184,29,2,406.76,-0.3335213143473935,-0.572105127919334,New Customers
15185,70,1,310.62,-1.1578581376130483,-0.2813375447499361,Lost
15186,14,2,411.41,-0.06362813617477375,-1.0079437126763653,New Customers
15187,2,16,4670.08,3.284200048631287,-0.46932880710218056,Champions
15189,1,41,15802.14,4.8419020932845935,0.0698062192962628,Champions
15192,120,3,1044.32,-0.15333607286927864,0.7680183043714954,Loyal Customers
15193,61,1,499.32,-0.8787150589282307,-0.19501383055021684,Lost
15194,3,15,7521.17,3.3485177073744206,-0.13692201284858044,Champions
15195,3,1,3861.0,1.1486550266591715,-1.1907423658596277,New Customers
15197,11,3,656.44,0.5055492986532308,-0.8676006893780511,New Customers
15198,92,2,193.64,-1.1204039737352958,-0.12317905519367195,Lost
15199,59,4,1268.7,0.4093863458023047,0.4806159595561491,Loyal Customers
15201,87,5,927.84,0.27791228468693563,0.681034897987895,Loyal Customers
15203,26,6,1827.8,1.1934409660784728,0.23785124307197875,Loyal Customers
15204,357,1,316.58,-1.7659935679646768,0.7524713419613644,Lost
15205,85,2,648.83,-0.5114535334024742,0.2660228365538972,Lost
15206,10,4,420.3,0.5266849637964593,-0.9977893926744493,New Customers
15208,1,5,867.62,1.6894403651548588,-1.745334079179404,New Customers
15210,225,1,331.18,-1.5689066346621987,0.476855946627115,Lost
15211,60,2,894.41,-0.22642536761585716,0.1647079411227851,Loyal Customers
15212,241,1,88.95,-2.2225498213196553,0.044683738275579275,Lost
15213,319,2,325.05,-1.3440362051841521,0.8489875256303832,Lost
15214,2,8,1661.44,2.2130680541463783,-1.0934993894902652,Champions
15215,47,3,615.99,-0.05384620477992182,-0.01078443307908734,Loyal Customers
15216,88,1,96.6,-1.8017111990936308,-0.5605308416285283,Lost
15218,11,11,5756.89,2.5409510068788457,0.3508906395071229,Champions
15219,176,1,305.75,-1.513927220219711,0.2927418979028348,Lost
15220,52,6,1758.92,0.917684363255036,0.6519770697599423,Loyal Customers
15221,366,1,114.1,-2.2629918460610607,0.39875680078047054,Lost
15222,319,1,585.0,-1.4289224397837452,0.9042533387911627,Lost
15223,226,2,454.9,-1.0520090560854414,0.753071507021045,Lost
15224,358,2,310.48,-1.4098707188206518,0.9053409207024681,Lost
15225,234,1,409.4,-1.4822314505809728,0.5786209206270053,Lost
15226,311,1,154.41,-2.0568155755748543,0.4050102518029046,Lost
15227,37,5,1219.4,0.7294257130911188,0.24739559710195647,Loyal Customers
15228,66,4,3376.96,0.8373098071512342,0.9068678019220922,Loyal Customers
15230,239,2,429.6,-1.1006805577394956,0.7676348915616474,Lost
15232,113,2,612.06,-0.6469637813395636,0.4237197526193342,Lost
15234,277,1,197.0,-1.8964535022753812,0.4199434509201052,Lost
15235,218,12,2247.51,1.0536394367123463,1.8831875201411155,Loyal Customers
15236,299,1,321.05,-1.691846579918868,0.6453693671949673,Lost
15237,2,4,1412.32,1.6037795836414612,-1.381876861399385,New Customers
15238,29,3,1056.54,0.38430556864681514,-0.11295127638180953,Loyal Customers
15239,10,2,764.34,0.351705126782501,-0.9797240756631399,New Customers
15240,45,5,1685.57,0.811938701802506,0.4864390277931311,Loyal Customers
15241,67,8,1738.59,1.0441887495966875,0.9039639607196381,Loyal Customers
15243,74,1,316.68,-1.1695166483313106,-0.23953726162228547,Lost
15244,65,2,631.57,-0.42340035124872205,0.08821262651974887,Loyal Customers
15245,134,3,2515.84,0.22697263040811114,1.157386945776007,Loyal Customers
15246,238,2,514.15,-1.0129702952395117,0.8302491497724349,Lost
15247,122,1,356.0,-1.3021977141130452,0.11694524031734903,Lost
15249,32,13,6657.36,2.364144349313748,1.1060168758644835,Champions
15251,9,11,10327.11,2.891179905126745,0.44787211659589,Champions
15252,36,2,740.78,-0.12610117035613755,-0.22115570834878093,New Customers
15253,16,5,915.3,0.8986414016560649,-0.36750021854471565,Loyal Customers
15254,127,1,300.36,-1.3987861500625223,0.08055758954898647,Lost
15255,67,1,890.85,-0.6362878160789128,0.0740522131836663,Lost
15256,149,1,98.45,-1.9918419603243191,-0.22236278097598028,Lost
15257,283,1,232.15,-1.826102882074764,0.4929866420468356,Lost
15258,169,2,623.16,-0.7907978761914429,0.6838931622163742,Lost
15260,100,7,1780.77,0.7982995275813801,1.1178523091623473,Loyal Customers
15261,135,1,254.82,-1.5006126099691508,0.05939712711013425,Lost
15262,324,1,178.95,-2.001963906785345,0.48429419744628116,Lost
15263,107,1,156.51,-1.6456291866345854,-0.26347877645465523,Lost
15264,64,1,393.74,-1.0105967176905692,-0.2513055752468964,Lost
15265,151,2,1506.12,-0.3246431908745979,0.9337736168705949,Loyal Customers
15266,338,1,119.3,-2.2114885374644904,0.36446886561228076,Lost
15267,22,5,1717.36,1.0853549134239044,0.05327039569143276,Loyal Customers
15269,24,1,408.8,-0.6280689857328224,-0.8441741856274991,New Customers
15270,16,7,2298.2,1.6005929083798605,0.07962238104931843,Champions
15271,7,15,2485.82,2.552390802169499,-0.09989290783201951,Champions
15272,57,2,721.94,-0.30995975032562656,0.05480927431801898,Loyal Customers
15274,4,2,716.57,0.6215550443106048,-1.503649786825239,New Customers
15275,38,1,609.19,-0.6064937014218443,-0.4169907491465554,New Customers
15276,66,1,135.31,-1.532917763068457,-0.6191515619720638,Lost
15277,47,1,255.9,-1.1012582653228524,-0.6001190764861382,Lost
15279,355,1,277.41,-1.8270876728806196,0.7009950340742568,Lost
15280,172,1,113.12,-1.9801728752057604,-0.08172322904757032,Lost
15281,59,9,2239.95,1.308826723372531,0.9578093492365197,Loyal Customers
15286,50,1,240.55,-1.1539823459970309,-0.5840669975963532,Lost
15287,22,2,485.24,-0.14759771235987387,-0.6766773108724635,New Customers
15288,43,5,2306.52,0.9794776434277632,0.5723417410271965,Loyal Customers
15289,29,3,935.1,0.32571265330436944,-0.15735627910935954,Loyal Customers
15290,5,18,7803.77,3.3668791158824596,0.20090133869813356,Champions
15291,26,15,4596.51,2.3835000767394057,0.8959049596231503,Champions
15292,201,1,180.94,-1.8152484962898718,0.18644370582573422,Lost
15296,51,6,3610.31,1.2702316020363533,0.9015590908762037,Loyal Customers
15297,10,3,635.04,0.5228495555309604,-0.9348768980640718,New Customers
15298,2,12,3774.1,2.93941596127287,-0.6514974970631683,Champions
15299,67,7,3787.09,1.3115417178754485,1.1413207443883122,Loyal Customers
15300,64,1,496.44,-0.8995158247957988,-0.16712223459653366,Lost
15301,51,12,5028.12,1.9888675979113917,1.2635879034009285,Champions
15303,290,1,574.02,-1.4017652373384475,0.837068915996857,Lost
15304,61,8,680.3,0.629145103835072,0.5040795100616028,Loyal Customers
15306,64,3,1174.35,0.1400570366604233,0.4162714233723865,Loyal Customers
15307,96,1,205.3,-1.4750265976499328,-0.2334290371009508,Lost
15308,274,1,302.27,-1.6875117048248056,0.5682672638576456,Lost
15311,1,91,59419.34,6.186869103329266,0.857811372942732,Champions
15312,75,4,921.1,0.16554343053353293,0.5142109114073568,Loyal Customers
15313,110,1,52.0,-2.179283273954184,-0.642598695775738,Lost
15314,199,1,327.97,-1.526943176527423,0.3957448475706904,Lost
15315,64,2,551.54,-0.4825507868163283,0.02927992410690274,Lost
15316,327,1,165.0,-2.044229855267714,0.46075161063232034,Lost
15318,4,1,312.62,-0.14253236942819342,-1.9631207816208855,New Customers
15319,284,1,204.5,-1.888081942246889,0.44926278273290604,Lost
15320,44,1,267.13,-1.0560838321303878,-0.6255086416509995,Lost
15321,71,3,2650.73,0.49187492748626815,0.7773912792912183,Loyal Customers
15322,86,1,602.97,-0.9175228818269382,0.08855875564829138,Lost
15325,104,1,162.29,-1.6175701487647793,-0.2682403264502122,Lost
15326,334,1,311.71,-1.7480831765243805,0.7046975197532546,Lost
15327,53,1,208.75,-1.2435961059173142,-0.5991743200501417,Lost
15329,39,3,1005.5,0.2507889649631501,0.051643555302327164,Loyal Customers
15330,32,2,714.96,-0.09947006117342247,-0.3066735992805128,New Customers
15332,366,4,1661.06,-0.15219608461305142,1.7281641662992115,Loyal Customers
15333,208,1,1028.56,-0.9956898506132023,0.8390243990924292,Lost
15334,157,3,351.67,-0.7770534027085926,0.541823286639967,Lost
15335,54,1,173.97,-1.3376857706568617,-0.6535285106621365,Lost
15339,66,2,557.57,-0.4888989175968036,0.0524671970537003,Lost
15341,81,1,2020.52,-0.3146342450233874,0.49077873174569087,Loyal Customers
15342,130,1,391.76,-1.2803820481817685,0.19169425085437444,Lost
15343,87,1,364.5,-1.163145234930795,-0.08702901724172615,Lost
15344,1,3,476.58,1.0356012721859205,-2.1212527032510256,New Customers
15345,46,1,367.69,-0.9196886557579519,-0.48196606743149045,Lost
15346,333,1,252.42,-1.8479266624035282,0.626268568221025,Lost
15347,366,1,201.6,-1.9913837729755761,0.6045966562595264,Lost
15348,72,1,158.04,-1.4915568782425193,-0.5085684536671039,Lost
15349,158,2,473.81,-0.896649884053402,0.5418708997436326,Lost
15350,373,1,115.65,-2.2637746257560236,0.4156191441774997,Lost
15351,12,7,1862.14,1.6019221095774834,-0.16721167742307927,Champions
15353,255,2,777.02,-0.8411382738285688,1.023955902533987,Lost
15355,29,2,277.05,-0.5174384857766213,-0.7114878920509209,New Customers
15356,31,10,2766.5,1.7361785134010475,0.6728140186897273,Champions
15358,5,22,8234.8,3.5653972348548595,0.29499521727124417,Champions
15360,40,1,427.93,-0.7948872753521671,-0.5135627895845517,New Customers
15361,362,1,418.92,-1.6371054961526492,0.8629639176927723,Lost
15363,373,1,318.05,-1.7804561793524412,0.7819050134740404,Lost
15364,96,2,913.19,-0.3934157838541568,0.46667902726506816,Loyal Customers
15365,26,7,1330.45,1.1616806417360104,0.17439461044418564,Loyal Customers
15366,75,2,602.51,-0.49981426421026015,0.16064034065376595,Lost
15367,57,4,1867.69,0.6079567602698763,0.5997831033190746,Loyal Customers
15368,21,1,446.94,-0.5365517894151227,-0.8929188981586066,New Customers
15370,41,7,2360.55,1.2683817379779336,0.6634553005939294,Loyal Customers
15372,137,1,2007.4,-0.516353891623474,0.8188110870143939,Loyal Customers
15373,8,12,2213.11,2.2639725246359887,-0.14841009789179896,Champions
15374,129,1,168.0,-1.6825417063834558,-0.1201644379274356,Lost
15376,40,3,1233.36,0.3393960982786331,0.1416078149121199,Loyal Customers
15379,169,7,3631.89,0.9418677929720256,1.7076958000235376,Loyal Customers
15380,9,5,1682.36,1.3932375652715403,-0.48289968119717663,Champions
15381,214,2,596.85,-0.9010801665209947,0.8172766090521565,Lost
15382,15,6,5927.86,1.958047954020393,0.33389942048977655,Champions
15384,170,2,635.76,-0.7834351048430009,0.6948916995664891,Lost
15385,40,1,316.88,-0.9388110575485225,-0.6226363167104288,New Customers
15386,186,1,394.14,-1.4132656751557349,0.4198038080952469,Lost
15388,270,1,140.54,-2.0479717057698945,0.28155360794414397,Lost
15389,172,1,500.0,-1.2695574150411895,0.4568210857799955,Lost
15392,5,4,1515.73,1.3732535846644185,-0.9162036167805121,New Customers
15393,16,2,231.86,-0.38594124529671714,-1.1365760554880924,New Customers
15394,10,4,2183.54,1.317260185012613,-0.3986470791496305,Loyal Customers
15395,326,1,107.45,-2.247551238006113,0.3038422618277241,Lost
15396,113,1,288.18,-1.3744121551437178,-0.007984119500747332,Lost
15397,290,1,94.0,-2.266657360785191,0.18160507917924149,Lost
15398,16,2,1339.63,0.4548993174831803,-0.4993398424500955,New Customers
15399,1,3,815.77,1.2933720431194065,-1.925899532658877,New Customers
15400,92,5,666.7,0.09826481152813782,0.5959435546233091,Loyal Customers
15402,149,2,626.77,-0.7402759503567683,0.6065468783518427,Lost
15405,189,1,349.1,-1.477470823521736,0.38584937252017154,Lost
15406,31,2,426.61,-0.33531114868513273,-0.5138362765947321,New Customers
15407,34,4,1056.44,0.5271506342684353,0.07190094741098708,Loyal Customers
15408,264,1,267.18,-1.7324467581906102,0.49999158783046466,Lost
15410,84,8,3450.84,1.2882229609548537,1.295062720783901,Loyal Customers
15411,26,4,1346.38,0.7425534238572461,-0.004609667482907513,Loyal Customers
15412,171,1,190.53,-1.7292364187021274,0.10309472341648049,Lost
15414,10,3,774.9,0.6183259160195343,-0.8625195486621312,New Customers
15415,313,1,572.81,-1.4317988697377013,0.8845863732220764,Lost
15416,65,4,3974.37,0.9212707639224302,0.9566050679831292,Loyal Customers
15417,85,1,508.8,-0.9945352775845633,0.019513723757035202,Lost
15419,25,1,135.86,-1.169842487759307,-1.2185256880127668,New Customers
15421,59,4,950.36,0.27073512508813014,0.3755382757097717,Loyal Customers
15422,323,2,97.7,-1.922783070916494,0.421857449310843,Lost
15423,38,1,43.5,-1.8641974799649768,-1.3701493245520067,Lost
15424,254,2,383.34,-1.178403064836751,0.7647417586111699,Lost
15426,19,5,1429.9,1.0507392751446076,-0.10208532890105904,Loyal Customers
15427,33,3,1483.14,0.4993413308546756,0.08986392375236528,Loyal Customers
15428,15,1,93.78,-1.1610961532278972,-1.6604439681252785,New Customers
15429,27,2,364.9,-0.3592308693641573,-0.6553298077967866,New Customers
15432,23,1,171.19,-1.028996293912472,-1.1857336917416705,New Customers
15433,214,2,417.87,-1.0719804281219703,0.6877587904186663,Lost
15434,8,5,997.48,1.1825387228102024,-0.7399186581583677,New Customers
15435,22,1,149.29,-1.0781026448478686,-1.2622688499486043,New Customers
15436,12,3,1122.53,0.7324229677850835,-0.621713916669816,New Customers
15437,262,1,200.16,-1.8676862210544325,0.3905004671591645,Lost
15438,131,1,156.58,-1.7219747171139912,-0.1359438090848401,Lost
15440,55,3,383.68,-0.3395963342294744,-0.08492654217244387,Loyal Customers
15442,249,1,594.0,-1.327420136139864,0.7531105418401468,Lost
15443,2,7,3212.16,2.423141598591361,-0.8995521708979485,Champions
15444,9,2,1418.26,0.6847204442173134,-0.8154007018975025,New Customers
15445,264,1,113.5,-2.141268785701822,0.19016328963744042,Lost
15447,331,1,155.17,-2.078176457949646,0.446223545438757,Lost
15448,313,1,494.64,-1.5021460883157858,0.8312732991997552,Lost
15449,26,3,971.22,0.38409545063237455,-0.21045007366673782,Loyal Customers
15450,30,1,429.84,-0.6860871019994605,-0.6894083403713224,New Customers
15452,30,3,538.73,0.048693912014546356,-0.3370030662011192,New Customers
15453,2,7,1388.37,2.02041003888865,-1.2047647704511644,Champions
15454,362,1,179.1,-2.043750743762285,0.5547853055906659,Lost
15456,283,3,447.22,-0.8856003744820299,1.0012992205402536,Lost
15457,262,1,237.07,-1.7867636746993547,0.4518281186442652,Lost
15458,25,1,161.64,-1.086942548141811,-1.155699456832528,New Customers
15460,354,1,216.76,-1.9440382801843195,0.6097644982652262,Lost
15462,94,3,234.6,-0.7767434137996444,0.07206811584658405,Lost
15463,29,1,126.14,-1.2598252354438815,-1.1545129045694533,New Customers
15464,338,1,1048.85,-1.1708413298022615,1.1531297783623131,Lost
15465,20,18,6945.02,2.832937600502279,0.9536422338604827,Champions
15466,85,1,334.53,-1.1954710851602217,-0.13276671887518057,Lost
15467,9,3,511.88,0.4558301238954336,-1.0737223292599958,New Customers
15468,51,2,438.46,-0.5074092951209987,-0.19571517589843135,New Customers
15469,50,2,504.5,-0.432750690250296,-0.15707450364686998,New Customers
15471,2,1,469.48,0.24717361046915548,-2.139716838442195,New Customers
15472,113,1,371.56,-1.2527148744015864,0.08424491624028602,Lost
15473,14,7,1465.2,1.4322391186092738,-0.1636002155339511,Champions
15475,77,1,454.11,-1.0117950384765682,-0.08377207379923023,Lost
15478,40,2,1441.42,0.15418251942138217,0.08609824502033347,Loyal Customers
15480,116,1,905.5,-0.8354968844236991,0.4244341531937428,Lost
15482,16,12,6568.72,2.543776771687591,0.6512130562748957,Champions
15483,161,4,233.81,-0.780277656226835,0.4966585696720347,Lost
15484,1,4,3563.11,2.2027858465081156,-1.3025138482072185,Champions
15485,30,3,2575.0,0.7994518961624237,0.23196350832374096,Loyal Customers
15488,93,1,91.32,-1.8492799660701473,-0.5460837860229036,Lost
15489,23,3,1090.03,0.4844141682999831,-0.24323928189816332,Loyal Customers
15491,95,6,3090.85,0.9617232473841821,1.234183764154931,Loyal Customers
15492,28,2,659.46,-0.08893253290683044,-0.4180626805636417,New Customers
15493,33,5,1967.25,1.001453310270444,0.35079521784057693,Loyal Customers
15494,21,2,1299.23,0.3418354166500587,-0.3468250999003258,New Customers
15497,18,2,1259.7,0.3829364035988037,-0.45111920747218576,New Customers
15498,3,27,12396.46,4.094362140223935,0.26325461629909197,Champions
15500,8,4,1131.56,1.078262242035952,-0.7651670452533778,New Customers
15502,16,12,5541.46,2.462100725837958,0.5893143605446782,Champions
15503,363,1,147.09,-2.138801911315584,0.4852917920967562,Lost
15504,81,1,52.83,-2.056291990504781,-0.8291473461181075,Lost
15505,53,5,3497.14,1.101200874185194,0.8537941262696038,Loyal Customers
15506,23,3,979.26,0.4329875626593638,-0.2822132525632834,Loyal Customers
15507,172,1,492.36,-1.2769390120890864,0.45122689687285833,Lost
15508,189,6,1000.27,0.1596717154063178,1.2570487206163747,Loyal Customers
15510,331,1,250.0,-1.8502443966157942,0.6189632656945562,Lost
15511,12,5,909.23,0.9977955624070548,-0.5401970273103569,Loyal Customers
15512,156,2,121.0,-1.544571528595959,0.039144750493356834,Lost
15513,33,19,14520.08,3.049702615236191,1.5479456804492446,Champions
15514,12,11,2963.19,2.1914736520857776,0.1599862295299586,Champions
15516,45,3,62.43,-1.1303756793276547,-0.8659585502747007,Lost
15517,233,1,267.03,-1.685251669261754,0.42082103845618773,Lost
15518,64,8,1911.89,1.1070201308998102,0.9098956352165318,Loyal Customers
15520,2,1,343.5,0.0974665602588841,-2.2531732509464697,New Customers
15521,40,8,2574.65,1.4257273932454138,0.7256959548251054,Loyal Customers
15522,33,2,398.84,-0.3906948022428379,-0.4997997714386805,New Customers
15523,84,1,412.01,-1.091210156683289,-0.06455756600019037,Lost
15524,25,1,440.0,-0.6077859555823524,-0.7925676741729113,New Customers
15525,2,3,811.02,1.1358791592826798,-1.6706589050270602,New Customers
15526,33,2,148.44,-0.8634452814447995,-0.8580766415299417,New Customers
15527,19,8,2348.82,1.6555154406103108,0.2366506525785405,Champions
15528,254,1,229.33,-1.7908550116467818,0.42018863883867436,Lost
15529,23,11,3967.78,2.0977587551687917,0.6553934511909718,Champions
15530,22,4,1502.35,0.8563417828423313,-0.0665104317600161,Loyal Customers
15531,8,2,2007.44,0.891707168960505,-0.7558740923730967,New Customers
15532,25,4,1517.08,0.8142507729100081,0.014859404850945414,Loyal Customers
15533,19,3,746.92,0.3725996050388873,-0.49642029542181876,New Customers
15535,173,4,459.9,-0.4835869910713835,0.7875263094016709,Lost
15537,163,1,110.92,-1.969141030894373,-0.12272065664825554,Lost
15539,7,1,538.46,-0.06130802923152796,-1.4673415432482027,New Customers
15540,11,1,213.3,-0.6594587370695969,-1.5460561687785526,New Customers
15541,114,1,85.13,-1.9595457881686325,-0.44336246033953636,Lost
15543,288,1,127.86,-2.1175902347690228,0.2882049696234552,Lost
15544,9,9,3542.51,2.2125176816882277,-0.01267805264471544,Champions
15545,54,2,292.72,-0.722352710099565,-0.30679192104421693,Lost
15547,7,14,4954.84,2.8252882086557096,0.1259605790923091,Champions
15549,77,3,1655.76,0.23540333399778954,0.6569718598674489,Loyal Customers
15550,4,4,575.63,0.978255634213166,-1.3839969090597595,New Customers
15551,37,1,436.06,-0.7568779808832019,-0.5549584107774858,New Customers
15552,217,1,90.12,-2.1764955402973665,-0.016905321096249648,Lost
15553,60,1,437.23,-0.9361603474415394,-0.25357172598324046,Lost
15554,278,1,217.2,-1.8511593158817805,0.4575872450729338,Lost
15555,12,16,4758.2,2.7337473599065403,0.46821397806782367,Champions
15556,24,1,279.77,-0.809707159532336,-0.9818297973316622,New Customers
15557,29,1,473.65,-0.6270592950185361,-0.6749673290289654,New Customers
15561,12,4,722.74,0.7228649829459042,-0.6947766769542683,New Customers
15562,352,1,134.55,-2.1695964072467175,0.43360425292932847,Lost
15563,22,4,1319.69,0.794115849946506,-0.11366873927576797,Loyal Customers
15565,50,2,173.16,-0.9446040285115066,-0.5449857169523713,Lost
15567,19,1,186.01,-0.9197780088364863,-1.2714035961845984,New Customers
15568,3,3,758.29,0.9938724325335366,-1.512498365538087,New Customers
15569,104,5,1375.71,0.3995546624312691,0.936399743153772,Loyal Customers
15570,7,12,4109.97,2.6061561585555766,0.0020995142733691652,Champions
15571,12,4,650.43,0.6723017549662508,-0.7330963315273141,New Customers
15572,5,7,2552.86,2.0483823204530895,-0.543187007591053,Champions
15573,32,2,607.45,-0.17762836916272434,-0.36590635564980495,New Customers
15574,178,4,702.25,-0.2914305806377276,0.9593269740780073,Loyal Customers
15576,38,1,940.67,-0.3980752207949826,-0.25903951653391094,New Customers
15577,151,3,258.88,-0.9089416652745893,0.4061037251489224,Lost
15578,162,1,127.1,-1.901946795175741,-0.07744769684857955,Lost
15579,69,2,348.6,-0.7306998649073269,-0.09031515753118997,Lost
15581,121,13,3429.97,1.5468181282042155,1.6945753518000377,Loyal Customers
15582,25,3,682.91,0.2295264082169424,-0.362458383394801,New Customers
15584,24,4,722.61,0.47329567537369704,-0.2797704131535059,Loyal Customers
15585,177,1,455.3,-1.3253193815427675,0.4408844357533983,Lost
15587,50,4,913.68,0.3138518856728116,0.25806800202891894,Loyal Customers
15589,256,3,456.58,-0.8375599353152992,0.9454139259028354,Lost
15592,47,1,388.58,-0.9012470393202088,-0.44853933370870197,Lost
15593,71,1,199.8,-1.3742980553252966,-0.4324463852415348,Lost
15594,16,5,1767.53,1.2145035355465277,-0.1281221497976362,Loyal Customers
15596,101,5,1343.34,0.39918457761406234,0.9093385183073689,Loyal Customers
15597,35,1,315.72,-0.8909498914029033,-0.7065167908760386,New Customers
15598,53,1,235.68,-1.185572773331692,-0.5552009791322576,Lost
15599,27,2,761.74,-0.006382866015022915,-0.3879217694775435,New Customers
15601,11,14,6745.36,2.8187559224002765,0.49560762784469864,Champions
15602,8,9,1083.63,1.6840325273139207,-0.5105333485499305,Champions
15603,79,1,48.48,-2.0873472144841325,-0.8754955358308745,Lost
15604,52,1,216.39,-1.2192792955238505,-0.5980148006155751,Lost
15605,36,5,1198.23,0.7311943374089128,0.224097931487885,Loyal Customers
15606,61,9,2422.64,1.333962618539891,1.0071523193126115,Loyal Customers
15607,337,1,104.76,-2.2722389547085777,0.31569947511744106,Lost
15608,28,4,1093.68,0.615521105750952,-0.034863007281349716,Loyal Customers
15609,184,1,270.03,-1.5902621556465504,0.27573173646136406,Lost
15610,52,1,112.46,-1.5316264208920254,-0.8347289984474195,Lost
15611,10,13,1568.39,2.0890798165578723,-0.11741885768764204,Champions
15612,36,2,195.15,-0.7650560885464889,-0.7053916389079541,New Customers
15615,10,23,10360.04,3.482888336624483,0.7799032916327457,Champions
15618,33,4,747.03,0.3719287465701249,-0.07251567252223795,Loyal Customers
15619,11,1,336.4,-0.4414294355708847,-1.3808213162174166,New Customers
15620,57,3,1524.4,0.30875253694935473,0.4388485174164577,Loyal Customers
15621,4,4,1158.77,1.3139160812681068,-1.1296145664182784,New Customers
15622,43,9,3224.53,1.6020995489605259,0.893524730016186,Loyal Customers
15623,141,1,301.03,-1.4373194597800234,0.1472497629937606,Lost
15624,117,4,588.13,-0.21750695102131928,0.6303721852869985,Loyal Customers
15625,104,4,1504.56,0.2777291964517093,0.8978517492487389,Loyal Customers
15626,75,2,675.8,-0.4447592715191353,0.2023641068518894,Loyal Customers
15628,5,9,2865.64,2.3055812954721397,-0.4140863585133386,Champions
15630,45,2,1180.4,0.01439238480479313,0.08646668115524418,Loyal Customers
15632,16,8,3147.31,1.8580356797777497,0.2399852895234723,Champions
15634,17,1,243.55,-0.7507224944232254,-1.2406233886495077,New Customers
15636,90,2,724.76,-0.4799304863280395,0.34212278240304417,Loyal Customers
15637,53,1,223.36,-1.2112511509454644,-0.5746614961813659,Lost
15639,134,1,425.32,-1.25247205513845,0.24063370953134544,Lost
15640,4,15,12433.34,3.5048148234973286,0.18768464777910362,Champions
15641,105,4,1887.2,0.38289359811040097,0.9863083801119383,Loyal Customers
15643,192,3,647.4,-0.560868752252283,0.8905223336137559,Lost
15644,166,4,813.0,-0.19470558585933248,0.9685213365379156,Loyal Customers
15645,19,1,612.01,-0.34949166088893757,-0.8392085656405112,New Customers
15646,158,3,425.14,-0.6885604443960059,0.6147170820106294,Lost
15648,204,2,599.9,-0.8804649776695376,0.788897769024985,Lost
15649,336,2,816.0,-0.9225359132243057,1.2162454913278666,Lost
15651,37,3,646.3,0.05831785428082692,-0.14161026780424474,Loyal Customers
15652,91,1,337.74,-1.216627284164013,-0.08649301022840675,Lost
15653,93,2,877.44,-0.4005917657340669,0.43221614258606245,Loyal Customers
15654,9,2,922.53,0.47831796769322676,-0.9718240933512068,New Customers
15655,243,1,511.32,-1.3900189213082887,0.6832263441214365,Lost
15656,45,4,748.5,0.2575469875269759,0.12006803134304506,Loyal Customers
15657,23,1,30.0,-1.8526179630862725,-1.8099204599265584,New Customers
15658,190,5,958.9,-0.0019378425957972867,1.1848904583227926,Loyal Customers
15659,44,1,306.45,-0.9903518327936829,-0.5756932400316292,Lost
15660,25,9,1552.01,1.4517197859694682,0.29351617815623765,Loyal Customers
15661,317,2,309.8,-1.364653783808554,0.827570050734403,Lost
15663,106,1,138.14,-1.7016481684575422,-0.31452732150213664,Lost
15664,51,1,358.63,-0.9702098267577098,-0.42685404652297515,Lost
15665,168,2,2242.01,-0.17409299296218764,1.1458161823429969,Loyal Customers
15667,40,1,301.32,-0.9629190502585426,-0.6409067078624578,New Customers
15668,218,1,76.32,-2.2571277051504923,-0.07378465378627166,Lost
15669,40,4,677.69,0.2537764168871903,0.010901228183370573,Loyal Customers
15670,297,1,173.05,-1.98488773666315,0.41710655263444946,Lost
15671,19,7,2635.49,1.6043438736271014,0.23261165017931812,Champions
15673,88,4,2881.02,0.6527099092039624,1.0292951150275857,Loyal Customers
15674,73,5,1744.02,0.646922511329801,0.8006108042169426,Loyal Customers
15675,81,3,323.69,-0.5665337231665503,0.09542210177796756,Lost
15676,19,3,3324.09,1.089267739188355,0.04671107576294477,Loyal Customers
15677,49,1,657.23,-0.6648823180883202,-0.23169460035434258,Lost
15678,53,1,352.7,-0.9925950230493669,-0.4089515993640614,Lost
15679,24,4,781.28,0.5107442074033585,-0.25138981189478643,Loyal Customers
15680,9,3,1333.68,0.9152437696761785,-0.7255528607374188,New Customers
15681,25,5,946.36,0.7525547120730318,-0.08567552366261222,Loyal Customers
15683,117,1,193.75,-1.5774690725504608,-0.13001126951363173,Lost
15687,9,9,2981.5,2.1297257149853293,-0.07542245588484921,Champions
15689,120,2,254.1,-1.0908775702443885,0.14235237549756988,Lost
15690,4,2,239.76,0.09697408488912698,-1.9012067064253284,New Customers
15691,252,1,136.8,-2.0346138286682307,0.22817989918657378,Lost
15692,28,1,191.04,-1.048785847788903,-1.0258960724754296,New Customers
15694,1,14,6423.6,3.478865426546568,-0.6594794832941776,Champions
15695,267,2,409.98,-1.1651814001070815,0.820699934434041,Lost
15696,33,8,2644.46,1.5099976224698706,0.6166012950511763,Loyal Customers
15699,18,1,309.65,-0.6564264988215753,-1.119209431304184,New Customers
15700,172,2,664.03,-0.7670050905116744,0.7180860981319716,Lost
15701,2,4,1542.14,1.6459920796763763,-1.3498858605998527,Champions
15703,265,1,211.5,-1.8456701589077145,0.41766427980569804,Lost
15704,140,4,2293.62,0.3676812383843953,1.2383792983240969,Loyal Customers
15705,201,1,143.1,-1.9272525509667267,0.10156074131791629,Lost
15706,64,4,1001.81,0.26549730644152897,0.44551792402149404,Loyal Customers
15707,35,4,945.58,0.4632033956642796,0.04946440285566155,Loyal Customers
15708,41,7,3329.72,1.4335614725843135,0.7886377825179656,Loyal Customers
15709,284,1,133.25,-2.092589273669366,0.2942756386977544,Lost
15712,9,5,1072.36,1.1770789509517439,-0.6467168219275111,New Customers
15713,143,2,346.75,-1.0084424840187423,0.36560094505811136,Lost
15714,12,2,330.88,-0.11338740600038927,-1.1778608470540337,New Customers
15716,146,4,1118.81,0.007172022991374828,1.0036653719300015,Loyal Customers
15717,234,1,150.3,-1.961561915673055,0.21535736759480525,Lost
15719,33,13,5043.96,2.219464478332547,1.0239506384773307,Champions
15720,24,1,598.73,-0.44514494497156737,-0.7055440717056245,New Customers
15721,12,1,507.08,-0.2753242641774595,-1.1809883247906396,New Customers
15722,36,5,2181.21,1.0187627560530816,0.4420334334102675,Loyal Customers
15723,365,1,203.1,-1.9867994764574022,0.6055500972676654,Lost
15724,201,2,212.3,-1.3723578578375766,0.4024937409487142,Lost
15725,15,1,415.25,-0.45030197707537356,-1.1217642122825984,New Customers
15727,17,7,5178.96,1.9689475516575028,0.4115892411017515,Champions
15729,213,1,62.0,-2.346701596507241,-0.16300624888282256,Lost
15730,66,3,1108.38,0.10074754386103528,0.41447872456322515,Loyal Customers
15732,212,2,294.12,-1.2366247663469603,0.5543476877552616,Lost
15733,283,1,162.3,-1.997153853131924,0.3633546073212833,Lost
15734,115,2,1339.45,-0.27781852130809487,0.7195464997504166,Loyal Customers
15737,15,8,1121.21,1.3856473646433343,-0.17402646131421606,Champions
15738,19,16,4788.77,2.5724726622084195,0.7439789312419243,Champions
15739,66,1,449.12,-0.9590943937881216,-0.18427597796836712,Lost
15740,49,1,154.88,-1.3568179156855156,-0.7560822659794119,Lost
15743,16,4,784.46,0.6598290861845924,-0.4947074187789594,New Customers
15744,78,1,34.8,-2.2380009300309864,-1.0012905605531655,Lost
15745,19,4,1071.24,0.7473291377650354,-0.2782483873863941,Loyal Customers
15746,134,1,182.96,-1.656196712579974,-0.06533151527601548,Lost
15747,13,3,974.04,0.6360582472961338,-0.6262782855685515,New Customers
15748,40,1,149.31,-1.298584327426485,-0.8952927110349048,Lost
15749,235,3,21535.9,1.0450825893835458,2.2934314444767443,Loyal Customers
15750,3,8,2451.23,2.290032282048574,-0.7693903597833432,Champions
15752,40,7,2628.93,1.3292802511385473,0.6873445782231784,Loyal Customers
15753,305,1,79.2,-2.367182721731083,0.15185678094681834,Lost
15754,51,3,455.67,-0.2289185259607448,-0.06951491131061677,Loyal Customers
15755,10,6,2318.88,1.6502745021362424,-0.24551712015045604,Champions
15756,61,4,532.96,-0.019213956920536762,0.18609215005408083,Loyal Customers
15757,66,2,714.42,-0.3700160019440423,0.14256334883189606,Loyal Customers
15758,25,1,205.25,-0.9728343492469259,-1.0692218536351228,New Customers
15759,218,3,253.04,-1.0591853582704054,0.6296302967076345,Lost
15762,65,2,583.75,-0.4611593468454106,0.059596738529518065,Lost
15763,32,2,1048.67,0.08431693227840618,-0.1673894913330003,Loyal Customers
15764,88,6,3245.47,1.0140491288068294,1.2038912762885376,Loyal Customers
15766,64,1,315.06,-1.1173772950069718,-0.332229895179981,Lost
15768,116,3,581.83,-0.42112578898439856,0.5340147919094774,Loyal Customers
15769,7,26,51823.72,4.484130512671061,1.2097489051525905,Champions
15773,6,1,635.68,0.06923032994027427,-1.4917780647933312,New Customers
15774,69,1,270.8,-1.2181196176938272,-0.340111856937887,Lost
15775,245,1,104.9,-2.15039058397889,0.11451583248694858,Lost
15776,133,1,241.62,-1.5204084864435026,0.030707467104263097,Lost
15777,241,4,1021.61,-0.22663198065392173,1.2870301621112072,Loyal Customers
15780,184,3,475.28,-0.6929078771819691,0.7513441630520041,Lost
15781,25,3,333.56,-0.11393207863093262,-0.6227505186494503,New Customers
15782,10,3,2593.94,1.1982558034368878,-0.4230161021780418,Loyal Customers
15783,11,1,246.3,-0.5906597989769825,-1.4939164686834119,New Customers
15785,33,5,2303.75,1.077266443766581,0.40825066923781017,Loyal Customers
15786,46,3,4834.2,0.9431523181546894,0.7253464135806924,Loyal Customers
15787,26,3,948.05,0.3725089907389619,-0.21923094384810138,Loyal Customers
15789,358,1,351.3,-1.7172193640015896,0.7920122222075722,Lost
15790,10,1,220.85,-0.6096304780041293,-1.5886808301328448,New Customers
15791,44,2,1604.44,0.17010136311868698,0.18416601050548834,Loyal Customers
15793,15,3,948.96,0.5725965844036576,-0.5510072755220319,New Customers
15795,150,1,610.01,-1.1223129490711727,0.44275385231318015,Lost
15796,1,8,2666.61,2.5949173294673247,-1.178710140343054,Champions
15797,113,4,2207.4,0.43037960477198145,1.0895162237565497,Loyal Customers
15799,76,3,884.14,-0.06079539871909307,0.42057473554782165,Loyal Customers
15800,107,2,699.08,-0.5625779529334779,0.4377209190318027,Lost
15801,46,3,1042.19,0.20646147730435793,0.16704071047425534,Loyal Customers
15803,51,1,415.82,-0.8993196754851255,-0.37312950760529534,Lost
15804,1,13,3848.55,3.170475001260385,-0.8728446990081777,Champions
15805,23,17,5452.17,2.6168892250664113,0.9292223133870112,Champions
15806,46,3,784.58,0.07022504044878947,0.06379308548740309,Loyal Customers
15807,50,3,903.9,0.10698680271831885,0.16711320388475145,Loyal Customers
15808,306,4,3724.77,0.3036597017606612,1.9087132325231098,Loyal Customers
15809,36,5,399.21,0.20403116545599187,-0.17541593382537976,Loyal Customers
15810,79,4,1145.43,0.25057359109238886,0.6260399469709367,Loyal Customers
15811,22,6,2171.32,1.3373003586609924,0.19873999730764857,Loyal Customers
15812,107,5,1801.14,0.5181561237567802,1.052308858153219,Loyal Customers
15813,208,2,1303.91,-0.5153412057197326,1.0834622157154021,Loyal Customers
15814,17,4,1842.73,1.0478976518538723,-0.14780024090046967,Loyal Customers
15815,64,5,2100.6,0.7857103678173443,0.7859864173043349,Loyal Customers
15819,49,4,1905.45,0.6741908815782622,0.5128580560150896,Loyal Customers
15820,320,1,206.98,-1.9277016589153209,0.5291330235482506,Lost
15821,44,2,570.96,-0.32566511634621137,-0.1915536775182786,New Customers
15822,3,2,885.47,0.8082235833193727,-1.568337807757833,New Customers
15825,172,1,532.94,-1.2389696876638032,0.4800021838647063,Lost
15826,56,3,1649.36,0.3532093376631837,0.45647264618351685,Loyal Customers
15827,73,14,1641.48,1.4460758029671466,1.135981824059598,Loyal Customers
15829,99,2,636.14,-0.5784680460443047,0.3545764156345845,Lost
15830,38,1,547.7,-0.6575162804277411,-0.4556585257315208,New Customers
15831,58,3,747.76,-0.039586535670202705,0.19065065670577258,Loyal Customers
15832,254,1,836.79,-1.1705948376534225,0.8902566420604463,Lost
15834,70,4,2084.9,0.5836214171884421,0.7681812528827308,Loyal Customers
15835,44,4,954.09,0.3823699117151797,0.19436017384008633,Loyal Customers
15836,50,1,117.47,-1.4961950965719888,-0.84341504392364,Lost
15837,65,1,391.98,-1.0185680067621756,-0.24324148635604953,Lost
15838,11,19,33350.76,3.846452670095083,1.1895982699190444,Champions
15839,33,3,1020.74,0.32001125356769394,-0.04604248275633311,Loyal Customers
15840,59,2,345.66,-0.675945684783418,-0.19123475512897717,Lost
15841,73,4,1209.1,0.30628040609149454,0.5962312689671979,Loyal Customers
15843,304,1,118.95,-2.172566389504589,0.29632383877253854,Lost
15844,46,1,130.74,-1.414034157956868,-0.8566088590591153,Lost
15845,18,8,3650.87,1.8868733318318733,0.3645982558827011,Champions
15847,38,2,389.27,-0.4546760533743323,-0.421532177296907,New Customers
15850,19,2,238.85,-0.43373759731226913,-1.0226522390715207,New Customers
15852,187,2,160.71,-1.4779630679287423,0.2561024445444667,Lost
15853,52,1,110.8,-1.5387062690729858,-0.840094505112326,Lost
15854,4,12,2974.65,2.6302208068166744,-0.41388581399392177,Champions
15855,137,5,712.24,-0.020608515389311983,0.8704643566906785,Loyal Customers
15856,4,27,16173.67,4.136982099747867,0.5017103417951883,Champions
15857,19,1,297.0,-0.695965655390484,-1.1017860219924915,New Customers
15858,16,5,1438.85,1.115737917118744,-0.20297228364132341,Loyal Customers
15860,41,8,977.21,0.9514866102927075,0.3885526854759171,Loyal Customers
15861,12,8,3000.36,1.937421429938392,0.05230686871389488,Champions
15862,8,4,832.88,0.9312034022580743,-0.8766164951276778,New Customers
15863,26,2,68.84,-1.1408970713048576,-1.2813193892560215,New Customers
15864,22,6,1769.78,1.2391275739554644,0.12433914616136399,Loyal Customers
15865,41,3,895.13,0.1763821619678165,0.04032973324388051,Loyal Customers
15866,101,1,230.53,-1.4387798759402621,-0.15952376786916375,Lost
15867,5,15,3797.79,2.865661586085855,-0.12825992397104244,Champions
15869,277,2,149.64,-1.6612667201188882,0.47858383589283227,Lost
15870,33,1,354.09,-0.8142129865356739,-0.7011682725440663,New Customers
15872,15,2,360.93,-0.15096913808176401,-1.014510342007659,New Customers
15874,64,7,4330.67,1.393167209106202,1.161495651155196,Loyal Customers
15877,2,2,440.78,0.5834427452647011,-2.0044705682969868,New Customers
15880,369,1,313.28,-1.783589657878366,0.7695960915545773,Lost
15881,312,5,438.24,-0.5659128944600764,1.213806021215132,Lost
15882,199,4,495.36,-0.5011135432601244,0.9029039327369609,Lost
15883,2,2,396.48,0.5326849078973644,-2.042937708796281,New Customers
15885,93,3,379.35,-0.5426371856368917,0.23971045930901966,Lost
15886,60,1,181.09,-1.3580284457832295,-0.5732870695199792,Lost
15888,81,1,141.27,-1.5894372722465357,-0.47533861486678264,Lost
15889,157,2,446.87,-0.9223011816236498,0.5166020450395743,Lost
15891,227,1,524.52,-1.3519238992483604,0.6494375406399433,Lost
15894,253,2,263.55,-1.3563151864850582,0.6262798111813186,Lost
15895,150,1,179.17,-1.7089281485711185,-0.0018160992172451059,Lost
15897,194,2,222.05,-1.3374324229329562,0.3963789756980884,Lost
15898,1,5,1384.68,1.913785495567888,-1.5753127366727198,Champions
15899,369,1,56.25,-2.601564926215642,0.14968848311248953,Lost
15900,24,1,351.11,-0.7009511009705925,-0.8994083467373892,New Customers
15901,17,3,363.88,0.0680324644756368,-0.8245779417747746,New Customers
15903,10,7,5126.34,2.151930335034319,0.09527897604998509,Champions
15904,8,1,164.68,-0.6733078461574349,-1.8223330159302749,New Customers
15906,20,7,1521.79,1.322060889164455,0.06375758027521083,Loyal Customers
15907,4,3,967.45,1.0256163171685013,-1.2822851405608169,New Customers
15909,174,1,191.94,-1.732310082582967,0.1167404464202713,Lost
15910,1,8,1232.18,2.224281982056404,-1.459598427203665,Champions
15912,178,2,264.62,-1.2208655333392486,0.4056238225958029,Lost
15916,16,8,1491.24,1.4994088585045406,-0.03180226164610116,Champions
15917,248,1,123.1,-2.078834439837645,0.17994367549605217,Lost
15918,191,2,334.23,-1.1358107762801561,0.5348553125219451,Lost
15919,20,2,639.89,0.01976202785436038,-0.633888914508768,New Customers
15920,154,4,167.5,-0.9228270177817848,0.34781813421056884,Lost
15921,173,1,336.03,-1.4621853814640082,0.3161617133202634,Lost
15922,373,1,363.6,-1.7163513831055104,0.830487229183179,Lost
15923,373,1,127.08,-2.218872472139818,0.4496485185847513,Lost
15925,194,1,207.15,-1.7371460514089743,0.21305090422137093,Lost
15930,67,1,426.63,-0.9893675811058148,-0.19353146715429645,Lost
15932,4,8,2461.85,2.2069753865645203,-0.6261796149611611,Champions
15933,21,3,1107.46,0.5252237119570716,-0.2926988324189615,Loyal Customers
15935,239,2,416.86,-1.1151071172809415,0.756701634323242,Lost
15937,64,1,145.35,-1.4872173259537107,-0.6125154465468066,Lost
15938,112,5,404.58,-0.21551677691343732,0.5381015863893859,Loyal Customers
15939,90,15,6102.26,2.0560386662427867,1.770260870964507,Champions
15940,311,1,31.8,-2.8040737901269437,-0.16130400072127518,Lost
15942,134,1,337.44,-1.3633587828585854,0.15659751815762957,Lost
15944,277,1,325.1,-1.6567867251152395,0.6015763980315402,Lost
15945,365,1,181.0,-2.0418497543973966,0.5638299041728014,Lost
15947,83,1,1708.24,-0.40443177813680986,0.4449881533819075,Loyal Customers
15948,8,2,955.24,0.5352336825962428,-1.0260297253841986,New Customers
15949,17,2,364.72,-0.19090123321705887,-0.9359567589779647,New Customers
15950,32,4,1705.26,0.7794263318195299,0.20872859263022392,Loyal Customers
15951,9,2,669.57,0.3245683348411797,-1.0883442020751568,New Customers
15952,34,4,806.57,0.3976583172685016,-0.026235604695566912,Loyal Customers
15953,15,8,1634.53,1.5665811215220558,-0.03690469632353858,Champions
15955,24,14,4389.81,2.3324281208064064,0.8051341663890902,Champions
15957,32,1,428.89,-0.7109999301624942,-0.6505279166821858,New Customers
15958,74,1,104.35,-1.6997112875268414,-0.6413485431059154,Lost
15963,20,2,470.76,-0.12741263729938432,-0.7454261433594379,New Customers
15965,17,4,845.64,0.6740517784892714,-0.4311216446813914,Loyal Customers
15967,23,2,418.83,-0.23437613649255218,-0.7031232685950742,New Customers
15969,3,3,582.9,0.8677053146525345,-1.6081148949578907,New Customers
15970,304,1,314.1,-1.7086325492273329,0.6479189646083513,Lost
15971,18,12,4199.85,2.28653536825617,0.5590192437789342,Champions
15973,367,1,99.77,-2.327898249335709,0.35208101933473546,Lost
15974,39,7,3429.55,1.466361556361943,0.7684196954787236,Loyal Customers
15975,84,1,371.01,-1.1414317586199887,-0.10261831716690287,Lost
15976,165,2,430.94,-0.9585419602867383,0.5347692968991288,Lost
15977,17,2,1054.73,0.3183323055056556,-0.550030976931049,New Customers
15978,77,1,1098.78,-0.5879654238353711,0.23742981697825752,Lost
15980,89,3,2398.86,0.35880193252531495,0.8826970142549094,Loyal Customers
15981,25,8,3408.48,1.7342175822295505,0.5386863743968613,Champions
15983,22,4,1475.02,0.8475288705534183,-0.07318935176151584,Loyal Customers
15984,3,10,2816.97,2.538198637714622,-0.6405064669046819,Champions
15985,123,2,1037.42,-0.42589929881664246,0.6689368158501472,Loyal Customers
15986,30,1,168.12,-1.1352803972365417,-1.0298322531195285,New Customers
15987,12,7,1451.28,1.4822520535791115,-0.2579043683731104,Champions
15988,19,1,158.03,-0.9976287303141227,-1.330403246216552,New Customers
15990,44,2,792.11,-0.16864057877049393,-0.0725516620256156,Loyal Customers
15992,4,1,41.99,-1.09710028590554,-2.686545971971536,New Customers
15993,9,7,2756.82,1.8904023295927561,-0.19097597897504248,Champions
15994,55,1,427.07,-0.9148000759376552,-0.31639519507058755,Lost
15996,88,6,1044.78,0.4699007670546664,0.7915050799954056,Loyal Customers
15998,37,5,3084.17,1.1749201894015762,0.5850163370848974,Loyal Customers
16000,3,3,12393.7,2.3353305077387905,-0.49586607919012277,Champions
16003,30,5,2735.37,1.194965988924894,0.4121089357260914,Loyal Customers
16005,12,4,615.39,0.6457429096061087,-0.7532241164952581,New Customers
16006,211,1,101.4,-2.1097859976840465,0.00786678898067807,Lost
16007,48,4,1701.94,0.6276728619753333,0.4589393858342956,Loyal Customers
16008,24,3,478.78,0.07420460098346675,-0.5164048659815642,New Customers
16009,22,4,992.71,0.6574721270698888,-0.21722502848883019,Loyal Customers
16010,246,3,407.5,-0.8769194096367273,0.8789187330839777,Lost
16011,8,16,3362.71,2.7073400929483475,0.1084706919035522,Champions
16012,35,3,1415.29,0.4550564582869217,0.10910937850315656,Loyal Customers
16013,4,47,33366.25,4.972024134537816,0.9755678596364965,Champions
16014,38,3,653.13,0.053449726232835254,-0.12130160195155039,Loyal Customers
16015,4,3,690.54,0.8638444367405098,-1.4048849591508645,New Customers
16016,3,8,1483.31,2.048871243910292,-0.9521557418047359,Champions
16017,47,1,211.88,-1.1915449145233536,-0.6685433711398177,Lost
16018,39,2,408.9,-0.44076205670260427,-0.38759697246321045,New Customers
16019,47,9,3450.24,1.6013927902122425,0.973376423731263,Loyal Customers
16020,17,3,851.01,0.47538756431426976,-0.5158613637772942,New Customers
16022,260,1,628.28,-1.316940970307467,0.8008336694896584,Lost
16023,46,3,719.81,0.02889209134791537,0.032468654763396894,Loyal Customers
16024,12,1,251.24,-0.6116964646967675,-1.4359100741904607,New Customers
16025,30,1,439.66,-0.6752614377804084,-0.6812040438899982,New Customers
16026,43,1,236.09,-1.1066091541687746,-0.6845615958389416,Lost
16027,92,6,852.12,0.35531924895551104,0.745285037521054,Loyal Customers
16029,39,63,50992.61,4.642454098730137,2.5620818777631422,Champions
16030,310,1,331.24,-1.6906216885482,0.6795666689184697,Lost
16031,92,2,548.94,-0.6214799302117351,0.2549336122512049,Lost
16033,6,20,8727.61,3.4522723337844803,0.3785115493009107,Champions
16034,196,3,437.7,-0.756365728267021,0.7613156140684901,Lost
16036,87,2,758.92,-0.4450477315251551,0.3375882400013822,Loyal Customers
16037,270,3,855.02,-0.5569302047066745,1.2070955624431965,Loyal Customers
16038,8,3,454.33,0.43885521724548004,-1.1839264251417916,New Customers
16040,65,3,1313.55,0.1879976108067768,0.4667086630816455,Loyal Customers
16041,31,3,3166.4,0.8866157556369376,0.32735288913044414,Loyal Customers
16042,22,5,1147.37,0.8917590793778767,-0.09344740267400628,Loyal Customers
16043,38,4,773.99,0.33659234627933604,0.02746059872286367,Loyal Customers
16045,120,4,1340.7,0.16826873861246402,0.9459293143449106,Loyal Customers
16048,373,2,243.69,-1.5414177115010177,0.843464422236409,Lost
16049,40,3,1111.79,0.2895918420951989,0.10386335180180076,Loyal Customers
16050,174,1,137.9,-1.890166663297941,-0.002892138103684887,Lost
16052,54,1,362.06,-0.9870491100437482,-0.387796352091335,Lost
16053,33,2,1511.95,0.24853832234698284,-0.015353000441630725,Loyal Customers
16054,145,1,783.9,-0.9891646193761274,0.5125514187291823,Lost
16055,221,1,134.8,-1.9917680022193227,0.13988970742841095,Lost
16056,45,1,664.85,-0.6275420645215002,-0.2804299352157429,New Customers
16057,16,7,2140.22,1.5663986275346307,0.05370803414705591,Champions
16059,66,6,1459.86,0.7387941527778634,0.7329601071477475,Loyal Customers
16062,10,4,1153.62,1.0109696743363756,-0.6307712341351112,New Customers
16063,260,1,335.32,-1.6178895647080156,0.572757918742232,Lost
16065,365,1,372.09,-1.6970448831804703,0.825142405136012,Lost
16066,17,5,1521.87,1.120858717933544,-0.14628443421727225,Loyal Customers
16070,22,2,852.15,0.12247359866279478,-0.47200210001284915,New Customers
16071,45,1,326.24,-0.9687719354561504,-0.5390331001379376,Lost
16072,288,1,584.32,-1.3906059241972475,0.8391545188164841,Lost
16073,297,1,94.35,-2.273959589561203,0.19803166377843778,Lost
16076,3,10,2173.53,2.413688663213002,-0.7348671199808813,Champions
16078,284,1,79.2,-2.3400585327845995,0.1067295324531279,Lost
16079,17,3,1352.0,0.6975426791063772,-0.34749973813316976,Loyal Customers
16080,82,2,176.6,-1.1210122841496308,-0.22873863789742574,Lost
16081,56,5,2806.9,0.9749940547859274,0.8080986635711854,Loyal Customers
16083,101,2,1317.62,-0.23663626451954528,0.6319308215163651,Loyal Customers
16084,299,1,436.18,-1.5450318239293357,0.7566338366629521,Lost
16085,23,5,981.51,0.8005922107019104,-0.12321917019419226,Loyal Customers
16086,59,5,1119.31,0.5140598369364857,0.5061652234041343,Loyal Customers
16091,155,2,315.06,-1.0848787511519897,0.3816224095046153,Lost
16092,115,3,779.36,-0.2776547192332751,0.6348149535493887,Loyal Customers
16093,107,1,17.0,-2.687574907284441,-1.0531237752912106,Lost
16094,12,4,1041.83,0.8983199496180334,-0.5618070469554327,New Customers
16096,264,1,320.62,-1.6451603806071973,0.5661421081112266,Lost
16097,240,1,185.05,-1.8718667176031616,0.306625534477494,Lost
16098,88,7,2005.63,0.9036450719180992,1.0808340052932601,Loyal Customers
16099,50,3,731.9,0.005720735228320951,0.09036808927796687,Loyal Customers
16101,71,1,1245.96,-0.4970960975584102,0.23234653553387513,Loyal Customers
16102,42,3,1842.14,0.5138081356369605,0.31778924269546754,Loyal Customers
16103,7,6,1429.64,1.5395691156985136,-0.623626147947071,Champions
16104,62,1,302.36,-1.1251542048328538,-0.3669970027517745,Lost
16105,249,1,336.96,-1.59912504113864,0.5471973016976268,Lost
16106,66,1,108.38,-1.638645592211256,-0.6992780502006313,Lost
16107,18,7,3204.16,1.7177328320731158,0.271155769272998,Champions
16108,85,1,816.1,-0.7679312948750289,0.19124695142596532,Lost
16109,219,2,611.88,-0.8979241633633411,0.8409077619465012,Lost
16110,45,3,1337.48,0.33439547624465016,0.24412731553826766,Loyal Customers
16112,143,4,195.74,-0.8203133011908081,0.3575009409745255,Lost
16113,183,1,161.38,-1.834275364730069,0.08579737422064417,Lost
16114,171,1,135.75,-1.8910631327859653,-0.019546651198270613,Lost
16115,10,8,1667.97,1.7192547065473884,-0.2673686065926656,Champions
16116,212,1,592.88,-1.2672183399475427,0.6507595293335849,Lost
16117,190,1,232.21,-1.6746318131055142,0.24127942833461563,Lost
16119,8,2,423.36,0.14498063111892903,-1.3217854104188922,New Customers
16120,59,4,1294.14,0.41891569290995506,0.4878378341093077,Loyal Customers
16121,57,2,867.11,-0.22205857823907657,0.12142572040959135,Loyal Customers
16122,73,4,684.42,0.033234047805387835,0.38930140016685016,Loyal Customers
16123,52,1,307.78,-1.0507054896108703,-0.47026010079204994,Lost
16124,317,1,187.15,-1.9722520280339308,0.48669533943929116,Lost
16125,367,1,289.35,-1.819564576885881,0.7373248321697013,Lost
16126,29,4,6287.77,1.4423929737495365,0.6231076152492657,Loyal Customers
16127,39,1,656.25,-0.5804653219023146,-0.37387458446037086,New Customers
16128,18,5,1880.22,1.2017416243536976,-0.03503566933947153,Loyal Customers
16131,52,6,3506.54,1.2489593675327477,0.9030358775107927,Loyal Customers
16133,4,33,14305.66,4.253531621184638,0.5327691965836739,Champions
16134,22,2,603.69,-0.04287384614800727,-0.5973116821509858,New Customers
16135,263,1,517.55,-1.4142689795343537,0.7376316808851816,Lost
16136,60,3,709.38,-0.07758042321736398,0.19265531679877174,Loyal Customers
16139,19,3,635.41,0.29504488633523146,-0.5551956179235726,New Customers
16140,66,2,703.77,-0.3772204941074857,0.13710337995513724,Loyal Customers
16141,88,1,620.4,-0.9125277419527951,0.11334233243810048,Lost
16142,250,1,535.34,-1.3788006694014319,0.7178596013480227,Lost
16143,3,6,2419.84,2.056678520433269,-0.8721103887424204,Champions
16144,247,1,175.2,-1.9089194471268691,0.3049970049913107,Lost
16145,9,11,3741.98,2.4036259852418262,0.07837636756573349,Champions
16146,157,3,734.13,-0.4242258443187324,0.8092158306205683,Loyal Customers
16147,134,1,375.0,-1.312805136082221,0.1949099115565949,Lost
16148,296,1,76.32,-2.373360342721681,0.11959473643627325,Lost
16149,5,2,280.52,0.10254448051960331,-1.7285434914418376,New Customers
16150,43,5,1906.07,0.8879194738656339,0.5029538168152973,Loyal Customers
16152,269,1,1829.04,-0.8170881835657321,1.2109708618128534,Lost
16153,50,5,1824.23,0.8105247346550032,0.5806963999787883,Loyal Customers
16156,9,9,3024.62,2.136620800956905,-0.07019697240130758,Champions
16157,16,3,644.24,0.36366732749038944,-0.653336254076054,New Customers
16159,282,1,348.2,-1.6307117018734527,0.6378062458636063,Lost
16160,65,2,1009.45,-0.19842132489308645,0.258714370981105,Loyal Customers
16161,2,19,5352.97,3.496645746254639,-0.35626266058701056,Champions
16162,252,1,37.4,-2.6483851257690576,-0.2369704686107169,Lost
16163,232,2,441.6,-1.0761840875653752,0.758852667850038,Lost
16164,17,3,802.53,0.4472465859046163,-0.5371881780471306,New Customers
16168,11,27,3770.6,3.1036061950868477,0.52738048371955,Champions
16169,8,4,1822.97,1.3071680330599327,-0.5916893779387343,Loyal Customers
16170,51,6,1880.42,0.957019284311895,0.6641892016742319,Loyal Customers
16171,59,1,73.2,-1.782954446026799,-0.9105908108109031,Lost
16172,95,5,1140.21,0.3436249332871958,0.8112229497291396,Loyal Customers
16173,16,6,1406.57,1.2441843986047203,-0.15109713436062802,Loyal Customers
16174,126,3,1009.55,-0.18804969302585023,0.7864225487666664,Loyal Customers
16175,94,4,1037.59,0.1375564313704453,0.6991567172355735,Loyal Customers
16177,50,1,331.95,-0.9998289027862897,-0.46724085869837245,Lost
16178,138,1,197.9,-1.629828695669164,-0.018372089412058996,Lost
16179,61,1,215.83,-1.280356111410789,-0.4993999824723108,Lost
16180,100,8,10217.48,1.7437476797575167,1.7996243441746305,Loyal Customers
16181,73,1,305.54,-1.1815424626731206,-0.26105224271837796,Lost
16182,72,4,6617.65,1.1276843813207558,1.2061674724577238,Loyal Customers
16183,67,1,338.71,-1.0999289209993492,-0.2773210613542196,Lost
16184,64,6,1155.54,0.6381488392337388,0.6286871916911619,Loyal Customers
16185,17,2,529.41,-0.012313853786504347,-0.8006132106262235,New Customers
16186,23,12,3991.94,2.173025338472942,0.6888250262801395,Champions
16187,32,15,6841.24,2.497930309546472,1.1680205173181826,Champions
16188,45,4,981.86,0.38775212128531467,0.2187447960318921,Loyal Customers
16189,16,2,215.48,-0.4209779597420504,-1.163128845896566,New Customers
16190,40,1,215.08,-1.1242401124634969,-0.7631648710781892,Lost
16191,3,13,4913.32,3.0233299282101878,-0.3439807047642378,Champions
16193,237,1,314.45,-1.6134677868135974,0.49088210777639896,Lost
16198,75,1,400.68,-1.061873321550624,-0.1457222166373869,Lost
16200,4,2,1080.62,0.8186660616947267,-1.3542679850593269,New Customers
16201,3,4,1821.52,1.6161683791702393,-1.106706721896431,Champions
16202,361,1,365.27,-1.7017143859185908,0.8114510594594985,Lost
16203,59,4,589.15,0.04135814887000578,0.20170351778598486,Loyal Customers
16204,23,1,405.71,-0.6161304919736207,-0.8728407941266946,New Customers
16205,31,4,761.38,0.40418569088337913,-0.10407889709610912,Loyal Customers
16206,55,4,537.06,0.023292012976535027,0.1242714502923678,Loyal Customers
16207,25,1,394.38,-0.6602395150360727,-0.8323199281271508,New Customers
16208,45,2,664.26,-0.26146453983367807,-0.12259319271164267,New Customers
16209,89,5,2262.62,0.6972309002396978,1.0195801271155125,Loyal Customers
16210,2,18,21086.3,4.108767248058953,0.12276704459531494,Champions
16211,89,1,542.77,-0.9808932116908308,0.07185383091822364,Lost
16212,19,2,681.19,0.06837456088882791,-0.6421234392303574,New Customers
16213,79,1,159.0,-1.5236003630810828,-0.44825650312710824,Lost
16214,171,3,1062.75,-0.2791212144323884,0.9976204311539291,Loyal Customers
16215,81,1,242.35,-1.3315953015521658,-0.27993148509616034,Lost
16216,267,1,914.93,-1.1467306753829722,0.9542803003663842,Lost
16217,235,2,259.39,-1.3358863737328417,0.5738550969343307,Lost
16218,30,7,3054.87,1.5080508388403673,0.5645265380468826,Loyal Customers
16221,37,3,864.86,0.19805946865480867,-0.03570622238915455,Loyal Customers
16222,318,1,846.72,-1.2503666676690597,1.0366813149763807,Lost
16224,57,4,1295.3,0.4322796970138667,0.46664515605260776,Loyal Customers
16225,45,5,1096.32,0.6054697280653061,0.32996524101582114,Loyal Customers
16226,203,3,255.12,-1.0281991978682912,0.5875630761735515,Lost
16227,225,1,308.32,-1.6031562401903277,0.4508996715722648,Lost
16229,87,2,1010.6,-0.3076300814988809,0.4417310546841295,Loyal Customers
16230,190,2,542.03,-0.9021205192290946,0.7071345127134725,Lost
16232,44,4,983.23,0.3968065087312536,0.20530103804062408,Loyal Customers
16233,71,3,422.13,-0.38971439609515324,0.10927336623948006,Loyal Customers
16235,41,5,858.41,0.5227877641204012,0.1832579877724632,Loyal Customers
16236,78,1,432.2,-1.0403556994131495,-0.09364772657905893,Lost
16239,57,2,372.9,-0.626675810412513,-0.18521594767036448,Lost
16240,24,2,3693.81,0.7947417224018617,0.11451432571251378,Loyal Customers
16241,10,13,2607.87,2.3332105862460017,0.06759715372811265,Champions
16242,8,7,3598.26,2.058511574278677,-0.16091290779641984,Champions
16243,34,2,409.1,-0.389583454743295,-0.47217677609086833,New Customers
16244,212,2,1522.75,-0.44809958509812564,1.1519363658310102,Loyal Customers
16245,24,3,1352.36,0.5723411124118639,-0.13888903459834057,Loyal Customers
16247,170,1,114.56,-1.9697132638170023,-0.08453915870662197,Lost
16248,62,1,152.94,-1.4510063496656642,-0.613946062983926,Lost
16249,53,5,1800.07,0.782317157259149,0.6121261321594941,Loyal Customers
16250,261,2,389.44,-1.1811708508143037,0.7876634957259384,Lost
16253,67,2,3665.62,0.4093062739605676,0.7468647810329394,Loyal Customers
16255,17,8,2609.3,1.7462100775266207,0.20804458519201763,Champions
16256,267,1,732.63,-1.2533382658468146,0.873487079587777,Lost
16257,177,1,46.95,-2.407554613870088,-0.37929421831217836,Lost
16258,45,5,5203.51,1.3532161960419198,0.896649519412942,Loyal Customers
16260,51,1,1035.45,-0.4617634790469211,-0.041524842045674575,New Customers
16261,17,4,746.83,0.6144398057089779,-0.47629894638131187,New Customers
16265,9,9,5423.15,2.417025562272839,0.1423095075763509,Champions
16266,74,7,861.89,0.5635575115767808,0.664977583158902,Loyal Customers
16268,71,2,667.65,-0.4299513175921569,0.16363525141846214,Loyal Customers
16270,353,1,1141.24,-1.1468447119181437,1.2113164402403769,Lost
16271,3,5,1423.29,1.662540497345734,-1.12534151358007,Champions
16272,117,1,411.7,-1.2167206215095827,0.1433841718773033,Lost
16274,373,1,357.95,-1.7238534477516556,0.8248017431627727,Lost
16275,197,1,559.87,-1.266828715220611,0.5835889813938631,Lost
16276,177,1,810.6,-1.048703685277256,0.6505193493835636,Lost
16278,100,1,537.83,-1.0292699084741341,0.14172363580575864,Lost
16279,21,3,1496.68,0.6697843470797459,-0.18314266237004564,Loyal Customers
16281,72,1,2062.06,-0.26050862843914585,0.42438906467410137,Loyal Customers
16282,340,1,168.3,-2.0496033840796692,0.49258908162426207,Lost
16283,6,5,1531.51,1.4842165009825181,-0.7434724820829103,Champions
16284,31,2,823.97,-0.019653018205640756,-0.2746128130924616,New Customers
16287,170,1,142.5,-1.8656947703159918,-0.005708101050032439,Lost
16292,122,1,280.9,-1.4156495215948395,0.030965087405840516,Lost
16293,22,10,2236.74,1.760106008662624,0.38584679753153944,Champions
16295,10,4,1328.55,1.0787329587543688,-0.5794164105728683,Loyal Customers
16297,269,1,275.4,-1.7250758513593996,0.5228468005792647,Lost
16298,23,3,598.2,0.19654619545873017,-0.4614018028186759,New Customers
16302,127,1,212.82,-1.5636299774395888,-0.044370323006949694,Lost
16303,26,3,5305.83,1.1993380610719422,0.40738657311228843,Loyal Customers
16305,139,1,361.22,-1.3446151404221092,0.20440152653695579,Lost
16306,214,6,602.27,-0.13086525944365957,1.151066867976079,Loyal Customers
16308,38,4,2560.0,0.9107617870618997,0.46259845515165754,Loyal Customers
16309,106,2,686.67,-0.5676203519850547,0.42530529203891254,Lost
16311,18,2,616.26,0.039899678820139874,-0.7110917077381296,New Customers
16313,3,2,274.15,0.2462417412288962,-1.9942392172544092,New Customers
16315,331,1,226.37,-1.8977391315952474,0.5829690874909144,Lost
16316,64,8,2755.56,1.282526543356292,1.0429042537207376,Loyal Customers
16317,120,3,1341.65,-0.03309261106151982,0.8591455544551865,Loyal Customers
16318,35,1,328.15,-0.8724584094438269,-0.6925029070808694,New Customers
16319,218,1,404.4,-1.4612175731278996,0.5294007548384687,Lost
16320,172,2,1038.46,-0.5524669080747301,0.8806751845530552,Loyal Customers
16321,72,5,230.7,-0.3177603423632566,0.056950074590157454,Loyal Customers
16322,1,2,326.75,0.5947187858175768,-2.3705225335604316,New Customers
16323,196,1,207.5,-1.7402320710355155,0.22013948529765914,Lost
16324,128,3,428.68,-0.6048148178562873,0.4850103082020025,Lost
16325,47,3,510.54,-0.14387766800885549,-0.07901533346833645,Loyal Customers
16326,6,14,3085.96,2.6488422173700386,-0.13112592820125493,Champions
16327,14,6,3844.22,1.7746762475920692,0.13530475204717649,Champions
16330,18,3,242.21,-0.14744767736612618,-0.9379297431856104,New Customers
16332,28,7,1583.2,1.2179088715710953,0.28302640861214484,Loyal Customers
16333,8,22,26626.8,3.9743856587332553,0.9795472022093206,Champions
16337,37,1,151.05,-1.2640658496260069,-0.9393338691972761,Lost
16338,157,1,214.8,-1.6395360032335207,0.09263857652280326,Lost
16339,284,1,109.95,-2.1841564556846342,0.22488088434258846,Lost
16340,107,1,549.07,-1.044918400758441,0.19177360225699785,Lost
16341,25,4,1959.38,0.9370736143522388,0.1079414537193478,Loyal Customers
16342,75,4,322.41,-0.3377399890912924,0.1327944638632014,Loyal Customers
16343,16,2,370.48,-0.16158790810420037,-0.966548493422893,New Customers
16344,158,1,101.1,-2.001440211721276,-0.1758039023533591,Lost
16345,44,1,575.41,-0.6884456417861412,-0.3468917687820414,New Customers
16347,11,2,887.65,0.39026591182381964,-0.8701132313939294,New Customers
16348,32,7,1469.45,1.1328208599117866,0.33791694567629993,Loyal Customers
16349,291,1,53.5,-2.534887853624399,-0.018505683284454285,Lost
16350,21,4,1100.47,0.7238863293089053,-0.20796032348535753,Loyal Customers
16351,333,1,153.9,-2.0843901420386697,0.447063259920587,Lost
16352,18,2,494.44,-0.06570346305379168,-0.791123700949991,New Customers
16353,4,23,6675.71,3.572615991527837,0.11947081141165135,Champions
16354,63,2,395.8,-0.6356780101796322,-0.10109236093067761,Lost
16356,198,3,210.32,-1.1110908410953737,0.5018171095609296,Lost
16357,33,3,658.88,0.10999807960347038,-0.2052022635625825,Loyal Customers
16358,1,4,2024.95,1.931445152852269,-1.508151068534345,Champions
16359,7,9,1460.37,1.8721793389970476,-0.47676149335720236,Champions
16360,5,6,3411.69,2.0669345497667266,-0.4897402113462577,Champions
16361,10,4,896.66,0.8900474844100279,-0.7224128625148992,New Customers
16362,32,5,652.07,0.4829077475075449,-0.06976803542423762,Loyal Customers
16363,53,1,109.36,-1.5520648338827698,-0.8329492504596414,Lost
16364,12,2,707.04,0.2505904120494799,-0.9020180099326692,New Customers
16365,18,9,1540.42,1.5677866788254853,0.09169896860569657,Champions
16366,19,1,327.3,-0.6494508222874027,-1.0665344684771543,New Customers
16367,37,2,804.49,-0.09669520689201783,-0.1742321888683239,Loyal Customers
16368,2,2,497.43,0.641398090942454,-1.960548751677078,New Customers
16369,18,3,1553.66,0.7436520973518946,-0.26260427600906494,Loyal Customers
16370,82,4,1320.56,0.3048157667273831,0.701159088467997,Loyal Customers
16372,33,2,367.93,-0.4293429642367804,-0.5290895196740373,New Customers
16374,66,2,473.03,-0.5677296145479577,-0.007275133442609062,Lost
16376,9,2,977.52,0.5061006971238325,-0.950768780282476,New Customers
16377,267,1,676.2,-1.291784977212677,0.844350001954951,Lost
16378,247,3,362.95,-0.9339300526575287,0.8394456836748322,Lost
16379,4,4,2131.9,1.6065774158152502,-0.9078193667279826,Champions
16380,61,1,1780.59,-0.268658003823889,0.2673216760130702,Loyal Customers
16383,75,2,668.36,-0.45006900534474514,0.1983400922823674,Loyal Customers
16384,90,2,584.5,-0.5830882028811412,0.2639440698720778,Lost
16385,60,3,555.89,-0.1945142840481895,0.10403626825359268,Loyal Customers
16386,29,2,317.2,-0.45264864106328256,-0.6623865081310597,New Customers
16387,323,1,94.36,-2.30582298847043,0.25116565262342716,Lost
16389,53,4,1362.27,0.4837389041335025,0.4396249469948632,Loyal Customers
16392,270,1,221.19,-1.831355491948098,0.44571754328293395,Lost
16393,2,13,2941.05,2.8866406196384715,-0.713352755683418,Champions
16394,57,5,1412.06,0.6385091780478468,0.5691592539960352,Loyal Customers
16395,61,5,1486.9,0.6378556178975964,0.6302781971942693,Loyal Customers
16398,154,2,1631.15,-0.29381662621963334,0.975192410917611,Loyal Customers
16399,19,2,408.57,-0.17670261042982924,-0.8278566869662255,New Customers
16400,95,1,303.93,-1.2833740259230784,-0.09775783376032314,Lost
16401,1,12,4061.24,3.1293208320577772,-0.8821745002289973,Champions
16402,265,2,299.6,-1.312561298544156,0.7020867515386422,Lost
16403,312,1,161.05,-2.037939275339605,0.42227216323284045,Lost
16404,70,1,443.05,-0.9877392235271559,-0.15241187515589297,Lost
16405,302,2,167.25,-1.6410125569967098,0.5734897003686542,Lost
16406,19,1,163.07,-0.9826415172352158,-1.3190450942325165,New Customers
16407,13,10,2126.93,1.9253344354070818,0.052422382589814395,Champions
16409,36,5,2028.88,0.9840035922244772,0.41569098645067026,Loyal Customers
16411,19,2,214.65,-0.4848266885603371,-1.0613704223699558,New Customers
16412,54,1,151.83,-1.4026721649270038,-0.7027788508773952,Lost
16413,57,1,262.2,-1.1618193062566076,-0.4711803804669412,Lost
16414,22,2,126.25,-0.7915366199000252,-1.1646903885385607,New Customers
16415,44,1,210.35,-1.170387321463213,-0.7121342469127966,Lost
16416,27,3,1026.99,0.39701415014144953,-0.16706053425635323,Loyal Customers
16418,45,3,675.27,0.006458489433364238,-0.004401755062025502,Loyal Customers
16419,113,6,959.48,0.3345809725875352,0.9176676410268076,Loyal Customers
16422,17,51,33805.69,4.5619643097711675,1.8246098543019027,Champions
16423,25,1,346.12,-0.7227705511595247,-0.879709460008097,New Customers
16424,191,1,82.56,-2.1696478708892117,-0.12904714373611295,Lost
16425,302,1,302.7,-1.7238234872605671,0.6303282957361263,Lost
16426,2,10,1908.25,2.4609486656071535,-0.9648320496221573,Champions
16427,263,2,241.06,-1.4137242849355722,0.6184471107911942,Lost
16429,106,1,284.55,-1.3563036022205754,-0.05280580933515064,Lost
16430,57,1,300.85,-1.0960030186325738,-0.4213011004485039,Lost
16431,213,3,642.81,-0.603686391956291,0.9534955328453435,Lost
16432,64,1,287.4,-1.1613699417666434,-0.3655699941994306,Lost
16433,28,1,184.26,-1.0660514494303905,-1.0389809153016005,New Customers
16434,29,7,1522.25,1.1861289877823644,0.29026249852409614,Loyal Customers
16438,6,5,798.35,1.1715712328334575,-0.9804126292624031,New Customers
16440,8,5,3640.67,1.8041002329409195,-0.26886442930861515,Champions
16441,67,2,381.2,-0.6768149404632692,-0.07625888856201514,Lost
16442,2,3,616.79,1.0045615214460648,-1.7701787878017976,New Customers
16444,46,4,638.77,0.17330304604450975,0.07609220612746563,Loyal Customers
16445,34,1,230.51,-1.030743057452059,-0.8384861701677652,New Customers
16446,1,2,2.9,-1.5338649509767324,-3.983682863367373,New Customers
16447,136,1,259.01,-1.4956037545634584,0.06996143739774394,Lost
16448,198,1,188.89,-1.7889961210180354,0.19251546170283163,Lost
16449,198,2,674.69,-0.8127835782977754,0.8127467954567297,Lost
16450,150,1,311.92,-1.4437498921287104,0.19915088001210063,Lost
16451,88,1,266.97,-1.3165540946879504,-0.19285153401063113,Lost
16455,64,7,1841.18,0.982462228408215,0.850240345261566,Loyal Customers
16456,99,5,2158.37,0.6343860967177869,1.0692923627241218,Loyal Customers
16457,218,1,208.36,-1.778645099402934,0.28883634380580203,Lost
16458,3,18,3482.74,3.134102401460523,-0.3501075140488054,Champions
16460,28,3,814.72,0.2725252353874039,-0.22898536332690084,Loyal Customers
16461,178,1,151.42,-1.8541708002261856,0.045266885425221955,Lost
16462,74,3,102.0,-1.0840060701388659,-0.3791855967506199,Lost
16463,21,4,1383.7,0.8338096789148818,-0.12465423416471175,Loyal Customers
16464,20,3,1314.68,0.625295959326739,-0.25983696973708253,Loyal Customers
16466,34,7,1603.46,1.1522682548952008,0.4070163241358537,Loyal Customers
16468,74,1,74.9,-1.8572058949431194,-0.7607068039301211,Lost
16469,24,4,650.43,0.4228187376709846,-0.31802467210729435,Loyal Customers
16470,52,4,757.44,0.20920088004096227,0.21429548456306716,Loyal Customers
16471,275,1,223.95,-1.8324002581112617,0.46181601758187435,Lost
16473,165,3,314.86,-0.848848778677056,0.5330452673674262,Lost
16474,7,7,1811.47,1.7739061500161069,-0.4854192540540413,Champions
16475,88,4,544.3,-0.14703779342070283,0.42320137982349265,Loyal Customers
16477,64,7,2494.46,1.1282611452846558,0.9607349547844716,Loyal Customers
16478,25,3,331.0,-0.11762181151816649,-0.625546805503654,New Customers
16479,10,2,300.83,-0.09524393440124566,-1.318447181774961,New Customers
16480,76,1,769.29,-0.7540961162714644,0.09960556020890807,Lost
16482,16,1,220.62,-0.7762092853955592,-1.3127457294827858,New Customers
16483,192,1,139.35,-1.922530119524819,0.06303191248335042,Lost
16484,174,2,379.4,-1.0397207677292857,0.5220261654457546,Lost
16485,77,1,363.65,-1.118242205026924,-0.16444371632431812,Lost
16488,33,3,492.2,-0.02985395001998018,-0.31118998785634205,New Customers
16491,47,1,731.5,-0.597953889091457,-0.21868674684827813,New Customers
16493,80,4,1329.66,0.3174177733191189,0.688175033136618,Loyal Customers
16494,297,1,826.53,-1.2359653448520953,0.9846820121713133,Lost
16495,3,3,684.41,0.9447001575287785,-1.5497638778094036,New Customers
16496,9,3,1562.22,0.9911668304969742,-0.6680141002383467,New Customers
16497,50,6,2965.69,1.1831907584028547,0.8176548375184585,Loyal Customers
16498,161,2,86.12,-1.7182842829484601,-0.06354067789990739,Lost
16499,360,2,319.1,-1.39887737869768,0.9188049230156922,Lost
16500,5,6,400.86,1.039382583954898,-1.2684768141914757,New Customers
16503,107,4,1421.43,0.23969826679139375,0.8950560394703375,Loyal Customers
16504,25,1,484.38,-0.5617260780462733,-0.7576609115435636,New Customers
16505,32,1,777.6,-0.42568455173375175,-0.43429989520051154,New Customers
16506,20,2,90.3,-0.9163086363548884,-1.343295847999923,New Customers
16509,297,1,363.7,-1.6295537330080707,0.6863986216376244,Lost
16510,372,1,248.1,-1.8983193497910924,0.6901081293844544,Lost
16511,22,3,950.26,0.43479945592393004,-0.32015970496223906,Loyal Customers
16513,5,4,874.59,1.1093399492005334,-1.116212195191731,New Customers
16515,52,5,1627.13,0.7409572518568045,0.5635121469475576,Loyal Customers
16516,30,1,101.7,-1.3748796139854214,-1.211413999156075,New Customers
16517,277,1,162.7,-1.9878321269498367,0.3506915959100932,Lost
16518,61,2,480.92,-0.5302104910729999,-0.05049486190190995,Lost
16519,25,2,215.08,-0.5839658355669862,-0.894112819379644,New Customers
16520,186,3,1036.62,-0.3229680895461115,1.041639511509793,Loyal Customers
16523,2,21,9295.67,3.847865783113131,-0.11820140221272511,Champions
16525,2,26,11895.57,4.151433714094846,0.05145257097068749,Champions
16526,172,1,290.36,-1.529932012616685,0.2594945890875027,Lost
16527,81,1,228.06,-1.3606648131613839,-0.30196199398536006,Lost
16528,4,1,244.41,-0.2603402244032564,-2.0524021920255473,New Customers
16529,190,1,455.25,-1.352264994128553,0.4855871128435956,Lost
16531,22,7,1244.59,1.1908337401647533,0.04835249129701544,Loyal Customers
16532,18,3,6748.8,1.448935825449184,0.2718993527456798,Loyal Customers
16533,19,3,1026.94,0.5253601254810026,-0.38064979164591034,Loyal Customers
16535,5,1,593.75,0.09531652899808782,-1.6144238688785961,New Customers
16536,110,1,539.02,-1.0642289686212218,0.20245209543839746,Lost
16539,3,4,1388.81,1.4859667326319934,-1.2053808437739957,New Customers
16542,54,1,119.62,-1.5163630453739434,-0.7889401867119128,Lost
16545,165,1,339.3,-1.4395902715568247,0.28980123379191003,Lost
16549,10,10,4154.64,2.3388509565215108,0.14300572541926732,Champions
16550,109,5,2266.25,0.6214416321293069,1.1475366613568345,Loyal Customers
16551,96,3,922.12,-0.12870808267827252,0.5824337086648319,Loyal Customers
16552,243,2,379.73,-1.166113184187378,0.7333173194488691,Lost
16553,163,12,5664.57,1.6078906125129495,2.0360417140670943,Loyal Customers
16554,42,3,641.55,0.007619303002992303,-0.06582909003978325,Loyal Customers
16555,35,2,285.89,-0.5719628663063728,-0.5843678742903425,New Customers
16556,67,7,3313.79,1.2474298944536522,1.092733203091306,Loyal Customers
16557,24,2,281.85,-0.439658363908217,-0.820983402624263,New Customers
16558,1,20,8257.04,3.903599983546931,-0.43683877409433036,Champions
16560,27,2,816.51,0.026927776236703994,-0.3626770935401977,New Customers
16561,6,2,511.12,0.33115651224080334,-1.4128730602946862,New Customers
16563,54,1,1077.74,-0.463951992668904,0.008636028650379983,Loyal Customers
16565,364,1,173.7,-2.0604699632736114,0.5471907706180509,Lost
16566,15,5,614.01,0.7302506511742602,-0.5511255377008106,New Customers
16567,194,2,865.6,-0.6855038355560542,0.890447081568016,Lost
16569,3,1,124.2,-0.4984948234624133,-2.439045051599989,New Customers
16570,15,10,3622.95,2.130138180061464,0.3309999883946109,Champions
16571,27,3,1285.22,0.5046627253838181,-0.08547839673483211,Loyal Customers
16572,127,3,999.7,-0.19574705201256054,0.7878351443915105,Loyal Customers
16573,85,2,648.41,-0.5117640980359103,0.2657874732285837,Lost
16574,71,1,451.44,-0.9840839155278353,-0.13672018966371297,Lost
16581,183,1,70.44,-2.2286856726566393,-0.2131089132868821,Lost
16582,113,1,313.62,-1.333910454634547,0.022710344344735522,Lost
16583,374,1,233.45,-1.9294748422190318,0.6714372471339902,Lost
16584,80,2,908.03,-0.32736208868382904,0.3501995000022315,Loyal Customers
16586,249,1,463.95,-1.4458907614834164,0.6633268468188467,Lost
16587,232,1,225.15,-1.765230238985776,0.35625215711295355,Lost
16589,71,3,459.24,-0.3493316303024229,0.13987769467563793,Loyal Customers
16591,69,1,213.5,-1.3318468508263503,-0.4263007428796667,Lost
16592,4,16,4073.28,3.023649508517931,-0.194851502652772,Champions
16593,51,3,330.03,-0.38347363514133675,-0.186645455244301,New Customers
16594,75,1,181.09,-1.4419082215922148,-0.4337340125052429,Lost
16595,61,1,360.16,-1.035275551429903,-0.31366416661784613,Lost
16596,16,2,250.15,-0.3496202037929195,-1.109049929887115,New Customers
16597,4,1,90.04,-0.7366750233631576,-2.413395460980007,New Customers
16598,286,1,140.7,-2.06931402714871,0.3183755928958885,Lost
16600,4,6,813.52,1.4483093889424057,-1.1270107659964541,New Customers
16601,41,1,244.8,-1.071530630443304,-0.7009556279837102,Lost
16602,36,1,494.73,-0.6861977004133808,-0.5260309522190103,New Customers
16603,75,2,482.47,-0.606344141345657,0.07990601540103288,Lost
16607,18,14,3038.67,2.2604724568223507,0.4970577928199411,Champions
16609,15,7,5450.96,2.0384671128312752,0.35545870192405193,Champions
16610,219,1,75.66,-2.262983705649969,-0.07401367171843307,Lost
16611,186,1,120.99,-1.977827107616138,-0.008052559893206582,Lost
16612,33,4,1187.66,0.594399671916109,0.09608529210040162,Loyal Customers
16613,70,1,618.59,-0.8277230686476463,-0.031142644015087526,Lost
16614,183,1,506.19,-1.2871770553385051,0.5004192065494322,Lost
16616,15,2,500.42,0.0056232643897669785,-0.8958358227723153,New Customers
16617,236,1,151.85,-1.9598991355067747,0.2244469805864308,Lost
16618,31,5,2630.64,1.164107528644065,0.41805437266998996,Loyal Customers
16619,264,1,204.41,-1.8605335485672123,0.40292022275510575,Lost
16620,4,2,178.96,-0.04284083910283839,-2.007166309987124,New Customers
16621,52,4,813.48,0.24344353469332133,0.24024649185379074,Loyal Customers
16623,246,1,129.45,-2.051786870502131,0.19299122745318198,Lost
16624,81,2,810.57,-0.3865191257106251,0.3167029607388677,Loyal Customers
16625,275,1,333.08,-1.6424188398473236,0.6057946086263574,Lost
16626,1,17,4379.65,3.459721701597177,-0.7277658612772063,Champions
16627,79,1,322.8,-1.1849732209431165,-0.19162583229639793,Lost
16628,30,5,2183.04,1.0866672022027069,0.3300340314192672,Loyal Customers
16629,74,2,417.73,-0.6703480950217461,0.019163338814476287,Lost
16633,17,6,2878.15,1.5661339883031133,0.14570136926653712,Champions
16634,223,2,217.9,-1.3993497168853533,0.4775460900574817,Lost
16637,32,4,1124.59,0.5796004427768017,0.057289308612391295,Loyal Customers
16638,23,10,1676.47,1.6054403653729405,0.30795209153937797,Champions
16639,31,3,1169.38,0.40838294598230535,-0.03507879895001208,Loyal Customers
16641,106,1,231.1,-1.4558565606266125,-0.12825263364350442,Lost
16642,5,2,679.83,0.5267501448403227,-1.4070566090924628,New Customers
16643,246,1,487.51,-1.4175409178826206,0.6736584393747004,Lost
16644,178,2,833.78,-0.6708106012858177,0.8224863496672442,Lost
16647,170,2,214.06,-1.3048485293929595,0.2997353158296073,Lost
16648,43,1,270.86,-1.0408738513606306,-0.6347436906633408,Lost
16650,72,1,518.42,-0.9230296355134346,-0.07770657187602573,Lost
16652,59,7,6654.26,1.6299951764961544,1.2670280272327517,Loyal Customers
16653,16,2,1166.92,0.3886510670032791,-0.5495464881863995,New Customers
16654,141,4,594.97,-0.2825966856382835,0.7520913109397226,Loyal Customers
16655,18,6,3794.52,1.6782411641963904,0.2806136395872117,Champions
16656,22,15,8568.24,2.743772963253413,1.0208040166768608,Champions
16657,10,4,933.62,0.9094291506418953,-0.7077243470713424,New Customers
16658,368,1,123.24,-2.2283595431928247,0.4300241574869907,Lost
16659,189,1,39.12,-2.5180843641021258,-0.4027860254239809,Lost
16660,16,4,810.45,0.6754661879933188,-0.48285674460770056,New Customers
16665,362,1,135.4,-2.177251176100273,0.45361117852341154,Lost
16666,19,1,118.98,-1.1329772288771809,-1.4329779416850421,New Customers
16667,68,2,570.13,-0.48943916357120226,0.07923241308271078,Lost
16668,15,6,306.72,0.5369679598973848,-0.7430748288080055,New Customers
16669,24,3,1370.87,0.57886643536747,-0.13394377829988963,Loyal Customers
16670,17,11,4022.46,2.214086823369488,0.47777218174481234,Champions
16671,28,3,1692.27,0.6233502486656977,0.036889539474362576,Loyal Customers
16672,2,20,8093.59,3.7393058689569845,-0.1867525011892299,Champions
16674,55,2,319.61,-0.6871486935272588,-0.2634655593296229,Lost
16676,34,4,1558.72,0.7138431093993443,0.21338699259153132,Loyal Customers
16678,3,12,3013.83,2.7216370000329984,-0.5507614134076116,Champions
16679,366,1,129.75,-2.2017534440874593,0.44516670188840685,Lost
16680,43,1,183.7,-1.226557060581549,-0.775464857441368,Lost
16681,73,6,1770.34,0.7934516748374367,0.8661900257357287,Loyal Customers
16682,5,5,1028.0,1.3516927204435158,-0.9863218386872823,New Customers
16684,4,28,65892.08,4.843401457465252,1.0267239591750543,Champions
16685,61,2,324.24,-0.7190930613008515,-0.1936406841764074,Lost
16686,47,7,3043.48,1.3394532904245167,0.8406831386829234,Loyal Customers
16688,1,4,1260.86,1.7040202876257429,-1.6805064070880635,New Customers
16689,76,2,303.26,-0.8337868233550265,-0.08038590453654816,Lost
16690,72,2,208.63,-0.9923851569522023,-0.2498654523565653,Lost
16692,256,2,1276.0,-0.6046019062714252,1.2068182914400616,Loyal Customers
16693,69,2,482.01,-0.5754262939940055,0.027359877063439057,Lost
16696,135,4,657.9,-0.21790713320221275,0.7612311565862692,Loyal Customers
16697,241,1,112.75,-2.109786980022346,0.13014175390952706,Lost
16698,227,2,1998.0,-0.3436598537344659,1.2939593037171693,Loyal Customers
16700,9,13,5040.0,2.6859764521513667,0.24688860261989345,Champions
16701,9,13,5150.27,2.696370757604983,0.25476599119701493,Champions
16705,1,20,13946.13,4.155347408093078,-0.24605043375845972,Champions
16706,37,3,531.35,-0.03559567510934565,-0.2127832160071391,New Customers
16708,46,1,656.63,-0.6417139588066243,-0.27130122673919305,New Customers
16709,85,5,3029.87,0.8547835531946084,1.0969809948313536,Loyal Customers
16710,19,10,2483.04,1.8635859063672227,0.3351476276810021,Champions
16711,3,5,1651.03,1.7337921837756078,-1.0713429830108105,Champions
16712,9,11,3645.43,2.3910726448527475,0.06886274102984614,Champions
16713,19,15,6840.23,2.6889128818638284,0.8501059158555002,Champions
16714,219,3,911.53,-0.4466798292102559,1.0980303825882323,Loyal Customers
16715,78,1,301.72,-1.2125106246053146,-0.2241163997631942,Lost
16716,267,2,319.8,-1.2841780825309292,0.7305175638058208,Lost
16717,24,6,3278.36,1.5033243198286357,0.401596158162975,Loyal Customers
16718,369,1,623.75,-1.4535536432339404,1.019715923360573,Lost
16719,15,7,1773.92,1.4994035020511016,-0.05307398444453566,Champions
16720,26,1,155.24,-1.1206253294487971,-1.1463589542447017,New Customers
16721,262,1,292.47,-1.686268337399095,0.5279891306171819,Lost
16722,17,13,4711.21,2.429328079720352,0.5954252871501867,Champions
16723,91,2,589.15,-0.58345793716749,0.2737609192138628,Lost
16725,302,7,775.07,-0.020070316790028665,1.5126220476029317,Loyal Customers
16726,26,5,1382.02,0.9198963090758614,0.07601254543527186,Loyal Customers
16727,364,1,272.82,-1.8445981888047727,0.7107905279959832,Lost
16728,46,4,1054.67,0.41387535268228703,0.2584114143455423,Loyal Customers
16729,38,21,7076.28,2.7382733672869306,1.4105702666231672,Champions
16730,52,3,702.79,-0.028423160891780968,0.10002982016590463,Loyal Customers
16732,32,1,603.75,-0.5470616849831118,-0.5262863051871061,New Customers
16734,52,3,650.51,-0.06550043205414824,0.07193058124815209,Loyal Customers
16735,79,5,2269.21,0.7435633508696898,0.9458770930222935,Loyal Customers
16737,53,1,417.6,-0.9116712388058082,-0.347623009737531,Lost
16738,298,1,3.75,-3.716018367941188,-0.8917464375481904,Lost
16739,177,1,312.55,-1.5055444688972022,0.30429974033802654,Lost
16743,29,7,2191.84,1.3611468598547645,0.42290087368128865,Loyal Customers
16744,11,7,1304.76,1.4617040984042808,-0.3474259246131311,Champions
16745,87,17,7170.7,2.252783842275037,1.8536530784139298,Champions
16746,5,18,6694.31,3.2932273787150583,0.14508391485614136,Champions
16747,38,2,826.96,-0.09338874771312126,-0.1477283616043043,Loyal Customers
16748,18,5,1515.9,1.0983444388071233,-0.11339586492596035,Loyal Customers
16750,45,5,623.93,0.3350365052367814,0.12501575305918491,Loyal Customers
16751,31,1,1764.72,-0.020622360595056434,-0.15575006494898072,Loyal Customers
16752,373,1,207.5,-1.9848033069591076,0.6270392808900253,Lost
16753,58,1,223.92,-1.2438381695512768,-0.5175458259042658,Lost
16754,372,1,2002.4,-0.8969014449588848,1.4490388727277244,Lost
16755,114,3,1484.63,0.034919508394023926,0.8637023264271237,Loyal Customers
16756,215,1,239.4,-1.706974199056826,0.33040932358673714,Lost
16757,319,1,106.83,-2.2420495890094085,0.28801990735693433,Lost
16758,65,1,369.34,-1.0470709202962372,-0.26484259539501637,Lost
16759,8,3,772.84,0.6936078476686063,-0.9908605709736744,New Customers
16761,97,1,316.62,-1.2716548779456234,-0.06982683713223234,Lost
16762,20,3,1501.38,0.6890375320614682,-0.2115300252097199,Loyal Customers
16763,199,1,594.9,-1.2415613970360653,0.6120231915077217,Lost
16764,4,13,2758.25,2.6609391196478946,-0.4124648909698498,Champions
16765,294,1,34.0,-2.751513898048257,-0.17323366821398595,Lost
16766,273,2,1145.6,-0.6807789656691348,1.2082628618152937,Lost
16767,31,11,5580.6,2.151812617042121,0.9621397185220122,Champions
16768,48,3,458.04,-0.20376110477304296,-0.10534879786202085,Loyal Customers
16769,260,1,380.39,-1.5574804477676183,0.6185393410665792,Lost
16770,58,5,744.9,0.3250785137334667,0.34741694609316365,Loyal Customers
16771,33,5,2246.81,1.0652499848312313,0.3991439216270941,Loyal Customers
16773,57,1,171.59,-1.3645267769882623,-0.6248034889626751,Lost
16774,68,4,654.92,0.03879210046689606,0.32888087151405415,Loyal Customers
16775,10,11,1695.66,1.9871971805903668,-0.1491624325995259,Champions
16776,60,1,388.28,-0.9930559681215515,-0.29669042346937463,Lost
16777,80,2,226.35,-0.9930796762226248,-0.1543186847931173,Lost
16778,74,2,245.94,-0.9240142713860795,-0.1730791394358856,Lost
16779,2,22,10454.05,3.9444536096830927,-0.058113364772829995,Champions
16780,100,2,425.19,-0.775416886893831,0.21451034559750268,Lost
16781,372,1,294.65,-1.8160240633280795,0.7524761204375867,Lost
16782,10,13,2242.25,2.2606811180727675,0.01263024837382102,Champions
16784,20,1,107.6,-1.1994605330900638,-1.4382868912603548,New Customers
16788,123,2,597.48,-0.6906047811964237,0.4683281313637371,Lost
16789,8,1,80.8,-1.0123330810690672,-2.079265383827894,New Customers
16790,4,6,1520.12,1.7483404966338456,-0.8996303382173824,Champions
16791,29,7,1706.28,1.2409159678891384,0.3317831497300817,Loyal Customers
16792,282,2,110.38,-1.813108293706612,0.37997849210971596,Lost
16793,57,1,243.84,-1.1965534035967473,-0.49750383063345943,Lost
16794,1,10,1201.51,2.393572114031378,-1.3904913675423078,Champions
16795,365,1,414.88,-1.6448893684568522,0.864668784050995,Lost
16796,89,1,305.62,-1.2560966878109792,-0.1367108229537396,Lost
16800,11,1,1201.49,0.16904404219747915,-0.9181702211666195,New Customers
16801,163,4,867.83,-0.1564767708897778,0.9807459094173272,Loyal Customers
16803,65,1,332.3,-1.0976899904091963,-0.30320457027363634,Lost
16804,23,3,536.99,0.14478534985924946,-0.5006290793006878,New Customers
16805,174,2,460.59,-0.9467943564134385,0.5924510201201625,Lost
16806,103,4,801.49,-0.02085949975846469,0.662723520633168,Loyal Customers
16807,143,3,1121.59,-0.1854717156594606,0.9044387394261616,Loyal Customers
16808,99,2,288.42,-0.9575210097097119,0.06730878631327895,Lost
16809,23,5,912.74,0.765735531036239,-0.14963552013311077,Loyal Customers
16810,192,1,275.64,-1.5965720967419514,0.3100612129737924,Lost
16811,5,2,547.07,0.42255657814104297,-1.4860203470535096,New Customers
16812,361,1,479.35,-1.5714689661509635,0.9101583551492674,Lost
16813,8,10,1692.98,1.984346464015055,-0.31105159254594017,Champions
16814,14,21,6500.6,3.0620617519710964,0.7731856791717262,Champions
16816,103,4,417.06,-0.33409614958736794,0.425335191195582,Loyal Customers
16817,3,9,1446.95,2.1321941069758883,-0.9200864922828221,Champions
16818,11,11,3317.97,2.276315610310683,0.15033506998585686,Champions
16820,96,1,497.61,-1.0511169961829885,0.08783347218638109,Lost
16823,227,1,358.38,-1.5344625062279784,0.511099530089694,Lost
16824,16,2,460.64,-0.05721146383866141,-0.8874461605689126,New Customers
16825,39,2,775.18,-0.13406937863806692,-0.15516803243895816,Loyal Customers
16826,51,1,341.7,-0.9933726745581208,-0.4444081537685995,Lost
16828,93,2,128.5,-1.3202149291162353,-0.264725950833228,Lost
16829,157,1,197.22,-1.6803539203308402,0.06170446598322455,Lost
16830,39,1,325.91,-0.9159352527557953,-0.6281125432220596,New Customers
16832,184,3,199.15,-1.1093460526602765,0.43574392008928,Lost
16833,1,4,1106.53,1.6413558444746246,-1.7279970423087698,New Customers
16834,228,1,413.46,-1.4676354272637973,0.5657880515196182,Lost
16835,128,2,180.85,-1.2778902225802817,0.059771640830288186,Lost
16836,40,2,251.87,-0.6822121190155107,-0.5477685967989115,New Customers
16837,31,11,3167.73,1.8798623772582685,0.7560405498975793,Champions
16838,197,2,582.9,-0.8809956104930632,0.7563976122298764,Lost
16839,9,34,15357.78,4.049374375680295,1.0098759011835488,Champions
16841,37,6,1774.62,1.0488829083355602,0.4440293953739836,Loyal Customers
16842,101,3,1260.44,0.0021070048908330024,0.7280081979616275,Loyal Customers
16843,43,16,10183.82,2.6340513297183827,1.5190798422825331,Champions
16846,50,1,214.32,-1.2091996983131776,-0.6259138090389367,Lost
16847,43,1,193.44,-1.2018712727222307,-0.7567565806673213,Lost
16848,53,1,281.42,-1.1007006686270884,-0.49088013046182644,Lost
16849,187,1,124.57,-1.9659679377116688,0.005862310608690656,Lost
16850,334,1,332.41,-1.7172940131701382,0.7280312773369756,Lost
16851,4,3,342.45,0.5276540246572063,-1.6596689390618415,New Customers
16852,10,2,144.91,-0.444401281347482,-1.5830582333479515,New Customers
16855,24,2,328.4,-0.366473391286232,-0.7655197191754771,New Customers
16856,15,1,35.4,-1.62079066235151,-2.0088262906666947,New Customers
16858,369,1,345.89,-1.73616739600619,0.8055353455663179,Lost
16859,145,2,473.14,-0.8647858463842072,0.48721526967164597,Lost
16861,60,2,151.65,-1.0762372649334226,-0.47932725319625274,Lost
16863,31,2,481.35,-0.2774483727803622,-0.4699846145489346,New Customers
16866,141,3,207.74,-0.9882386083535103,0.28313540463137976,Lost
16869,23,4,805.62,0.5410364696329688,-0.26614690361663657,Loyal Customers
16871,22,6,2761.49,1.4527472438442293,0.28623213217561816,Loyal Customers
16872,77,3,680.02,-0.1916452346620782,0.3333304649085505,Loyal Customers
16873,5,6,7066.31,2.416622755126751,-0.2247268454461094,Champions
16875,67,5,2023.47,0.7505352725925101,0.8010142300007789,Loyal Customers
16877,12,6,853.72,1.1069081226817206,-0.5029742096145443,Loyal Customers
16880,31,7,1519.08,1.1605058514709226,0.3304691347675153,Loyal Customers
16881,67,1,432.0,-0.9833730458886162,-0.18898847162122953,Lost
16882,67,3,705.12,-0.12191516497174767,0.25941964841290277,Loyal Customers
16883,187,2,276.73,-1.2181657001383368,0.4529914840796983,Lost
16884,38,2,429.84,-0.4071699380411687,-0.3855293744219275,New Customers
16885,15,3,471.51,0.23713558442033458,-0.8052384659686199,New Customers
16887,35,1,194.88,-1.1217679693179987,-0.8814436966202689,New Customers
16889,195,3,1578.67,-0.1390150858689012,1.2244769654700833,Loyal Customers
16891,2,5,809.7,1.501601019644883,-1.513091704928503,New Customers
16892,1,5,496.84,1.4220619456952368,-1.947968465538254,New Customers
16893,367,1,145.93,-2.146748988453339,0.48936610536540376,Lost
16895,65,1,219.14,-1.2969311818681957,-0.4542007376168926,Lost
16897,299,2,213.03,-1.5216116720203852,0.654785573156805,Lost
16898,26,3,444.46,0.009190749384449045,-0.4945739166977335,New Customers
16899,8,6,1281.56,1.4421476820673969,-0.5886412151166729,Champions
16900,17,3,187.69,-0.24874374871722796,-1.064648751165994,New Customers
16902,116,1,1706.88,-0.5312319866794766,0.6550231849097055,Loyal Customers
16903,29,1,373.24,-0.741230195384671,-0.761492450923565,New Customers
16904,4,16,3754.27,2.984484333865549,-0.22453307212409263,Champions
16905,5,7,3085.48,2.1393736814796585,-0.4742286427281034,Champions
16906,82,4,579.77,-0.09013830075273571,0.4018407094248762,Loyal Customers
16907,29,5,981.65,0.7155279515531363,0.018470281678387823,Loyal Customers
16909,72,1,364.14,-1.0923219988080815,-0.20600583484863338,Lost
16910,4,8,1510.06,1.9723183382335805,-0.8040159081422557,Champions
16912,29,11,2528.67,1.7962887466349462,0.6330784694978386,Champions
16913,290,1,113.44,-2.1772279050309606,0.24937974448614353,Lost
16914,36,1,208.46,-1.1000226510917297,-0.8396507466293512,New Customers
16915,9,6,621.68,1.054855999873422,-0.7848130501021992,New Customers
16916,24,2,576.26,-0.09698479809100152,-0.5612861246199081,New Customers
16917,277,1,391.52,-1.567736926393343,0.6690633379119504,Lost
16918,50,6,1043.34,0.6816707513584314,0.43757480308815655,Loyal Customers
16919,156,11,2596.45,1.1775635070835717,1.6932254878343898,Loyal Customers
16921,61,1,169.79,-1.3950066542708592,-0.5862886043929282,Lost
16923,12,19,6666.83,3.0426323649141818,0.6543672492364438,Champions
16924,21,3,739.5,0.33144798125437097,-0.43955296657659565,New Customers
16926,371,1,230.25,-1.9330119453751862,0.6613359386433834,Lost
16927,116,3,543.05,-0.4542003235171864,0.5089490516649916,Loyal Customers
16928,80,17,2781.5,1.8296102947998216,1.4563708610061155,Champions
16929,4,7,1295.39,1.7922494998131342,-0.9057405036936919,Champions
16930,26,3,380.55,-0.06519965252619145,-0.550951142176947,New Customers
16931,5,21,4604.22,3.2459866703244806,0.06603959184627453,Champions
16932,53,1,161.94,-1.3649021585679035,-0.6911068611660061,Lost
16933,1,2,530.08,0.8265675466861154,-2.1948145183750443,New Customers
16934,55,2,950.93,-0.16439492941197087,0.13270660902399034,Loyal Customers
16936,26,1,262.68,-0.8692350587099593,-0.9558412851272721,New Customers
16938,9,4,1903.13,1.2876313193373052,-0.5091558390305261,Loyal Customers
16940,52,3,3049.88,0.6761156973304551,0.6339689446859633,Loyal Customers
16942,13,9,1894.11,1.7835227112241088,-0.026937492841133136,Champions
16943,212,3,816.73,-0.4870328957449608,1.0375748313131736,Loyal Customers
16945,22,19,4345.5,2.619405612372037,0.8607322693424185,Champions
16947,236,1,406.48,-1.4888945964949212,0.5814006791227221,Lost
16948,139,3,435.02,-0.6289982971898921,0.5422831155335669,Lost
16949,4,6,1161.27,1.6190905267124522,-0.9975832260938718,Champions
16950,57,3,1178.56,0.1852460403915698,0.34524835629688183,Loyal Customers
16951,135,3,1262.75,-0.1067692952324577,0.9112768358629727,Loyal Customers
16952,109,2,167.61,-1.2534144438125816,-0.06888153892639481,Lost
16953,30,1,20.8,-2.1193824544830244,-1.775640074437498,Lost
16954,1,9,2085.08,2.5720361717848528,-1.2271282637984398,Champions
16955,185,4,493.67,-0.4750650025149484,0.8555989988500421,Loyal Customers
16956,18,1,292.34,-0.6839674123153064,-1.140081482671842,New Customers
16957,239,2,416.64,-1.115360086867774,0.7565099197596701,Lost
16959,87,1,117.35,-1.704802817821296,-0.4975275613929668,Lost
16960,39,3,507.05,-0.07760765455548269,-0.19723385078364924,New Customers
16961,116,1,234.17,-1.4836310659452132,-0.06675833876666709,Lost
16963,187,1,110.55,-2.022837351894393,-0.037236526121638205,Lost
16965,227,1,201.19,-1.8107493300720077,0.301713854455071,Lost
16966,8,7,2148.47,1.810885359186424,-0.3485779640974979,Champions
16967,189,1,319.02,-1.5206236519456147,0.35314573501272534,Lost
16968,4,2,439.43,0.3870847786573868,-1.6813445256005624,New Customers
16969,39,3,650.41,0.04178901965466081,-0.1067483439100716,Loyal Customers
16971,38,1,232.21,-1.0685138033282746,-0.7671355365399185,Lost
16976,267,1,251.52,-1.7656434926849272,0.48523339973367335,Lost
16978,78,1,344.33,-1.149251654370018,-0.17617519852029484,Lost
16979,4,6,1809.05,1.8318778188487057,-0.8363210626996325,Champions
16980,255,2,1078.96,-0.683616960726556,1.1433344024270455,Lost
16982,61,1,384.06,-1.0044953358934514,-0.29033719019309423,Lost
16983,13,7,1920.2,1.5883893048773174,-0.10900136742024044,Champions
16984,88,2,4392.42,0.3934957950803038,0.9835229649501085,Loyal Customers
16985,17,10,5461.62,2.282322399795264,0.5551501070448683,Champions
16986,30,2,1873.2,0.38663397013407075,0.003962578378164604,Loyal Customers
16987,3,7,1625.05,1.9862163096115806,-0.9648974850385131,Champions
16988,5,1,126.12,-0.6458754567689191,-2.1761407924565512,New Customers
16989,7,6,1133.25,1.4280546397012235,-0.7081380822292317,Champions
16990,219,1,179.0,-1.8529640495001303,0.23672225673422254,Lost
16992,11,5,1601.86,1.3001406147482202,-0.3850121238076604,Loyal Customers
16996,30,6,1427.46,1.0220565666489514,0.23559965234454341,Loyal Customers
16997,288,3,702.0,-0.6760641947208398,1.1762213262139865,Lost
16998,150,4,287.02,-0.6553368148526196,0.5263823620758512,Lost
16999,23,2,484.82,-0.16424995642848295,-0.6499777099756031,New Customers
17001,1,11,3989.57,3.048419010957815,-0.9198767750816249,Champions
17002,86,3,1487.78,0.14238888881359046,0.6873663815436423,Loyal Customers
17004,46,2,1412.94,0.09249755549835362,0.16552813317460346,Loyal Customers
17006,5,4,781.78,1.0555179977854925,-1.1570014934442387,New Customers
17007,51,6,877.43,0.5911590832358912,0.3869197889520242,Loyal Customers
17010,18,1,185.46,-0.9016236411751272,-1.3050335998297176,New Customers
17011,30,1,270.9,-0.9071955600943347,-0.8569767507739142,New Customers
17014,8,3,565.58,0.5438587733006335,-1.1043488317453796,New Customers
17015,29,3,1842.56,0.6512641693693911,0.08936494775461727,Loyal Customers
17017,3,20,8574.11,3.657251769399131,0.016843507048718086,Champions
17018,41,2,920.1,-0.07045445714604813,-0.06188123825392199,Loyal Customers
17019,11,4,1272.61,1.0248886574220544,-0.5398353316512136,Loyal Customers
17022,31,1,71.0,-1.5575882942370196,-1.3205491891543968,Lost
17024,45,3,95.85,-0.9270768466158403,-0.7118872744504,Lost
17025,61,3,357.77,-0.4119232819997989,-0.045705854648741454,Lost
17026,185,2,154.83,-1.4916744798699018,0.23583009552079945,Lost
17027,79,6,848.59,0.4107734003689788,0.6482013639977859,Loyal Customers
17029,111,2,716.0,-0.564981308971666,0.46949854402571795,Lost
17030,64,1,146.87,-1.4822540624213048,-0.6087540066285851,Lost
17031,12,2,380.35,-0.04664493438530438,-1.1272796527784126,New Customers
17033,86,3,1030.14,-0.03404156680733135,0.55365747122092,Loyal Customers
17034,16,3,734.57,0.42660502327795985,-0.6056385326573654,New Customers
17035,246,2,388.33,-1.1600457328389508,0.7492053852390096,Lost
17037,88,1,1253.22,-0.5751774204495618,0.36900535686588753,Lost
17038,30,1,112.4,-1.327272004423606,-1.1753342782531433,New Customers
17040,138,1,449.73,-1.2368666698261348,0.2794366085747195,Lost
17041,27,3,1065.77,0.41480166309032546,-0.1535801577228616,Loyal Customers
17042,3,5,1044.38,1.5139701448684877,-1.237936472687797,New Customers
17043,32,4,1735.18,0.7877765576442861,0.2150568628375837,Loyal Customers
17044,25,1,897.43,-0.2659636406608144,-0.533515521916669,New Customers
17045,113,3,339.44,-0.6694816604107382,0.3217987542931329,Lost
17046,157,1,642.02,-1.1150732793083076,0.49010589062189575,Lost
17047,85,3,1100.9,0.0022506778796961458,0.5704810607932578,Loyal Customers
17048,118,3,864.32,-0.23775427309948832,0.6886432383291238,Loyal Customers
17049,3,9,5594.78,2.7815683751377502,-0.4279541930039814,Champions
17050,96,6,3228.84,0.9787434053992198,1.2566564776888662,Loyal Customers
17051,194,1,247.14,-1.6527313296585757,0.2770251223954306,Lost
17052,28,1,413.75,-0.6789260312395612,-0.7455955264674872,New Customers
17053,131,1,496.38,-1.1698448665662613,0.28249120778097825,Lost
17054,28,5,1353.83,0.8827414148155045,0.11387336632841859,Loyal Customers
17058,82,3,1179.89,0.049053151607250954,0.5731469936097887,Loyal Customers
17059,30,5,3095.04,1.2542857886432348,0.45706481226672263,Loyal Customers
17060,266,1,234.24,-1.798266818852899,0.4570558819741795,Lost
17061,74,11,5116.13,1.78512197746202,1.4711503870321088,Champions
17062,314,4,534.47,-0.6379871901767308,1.2188468094850187,Lost
17063,21,7,1421.59,1.271617429668194,0.06850720096130775,Loyal Customers
17064,59,3,859.35,0.020732543982956035,0.2518914582003713,Loyal Customers
17068,12,21,4531.34,2.9433401640523664,0.5510050261565995,Champions
17069,28,9,2655.22,1.6678693224203214,0.558212532528911,Champions
17070,114,1,312.14,-1.3395074502179622,0.026537423067355095,Lost
17071,28,9,2385.48,1.6164307357765988,0.5192294819866015,Champions
17073,18,4,1446.09,0.9109109397981504,-0.20166531181883995,Loyal Customers
17075,18,4,813.77,0.634993228987012,-0.4107712528620621,Loyal Customers
17076,36,3,841.08,0.1948567954429159,-0.0627714165358998,Loyal Customers
17078,36,2,378.2,-0.44841388369949003,-0.4654223885692059,New Customers
17079,78,1,118.8,-1.6577920697642219,-0.5615756927723781,Lost
17080,22,2,285.5,-0.4016879767974774,-0.869241186888071,New Customers
17081,25,2,290.16,-0.44071241127948124,-0.7855473271347241,New Customers
17082,33,2,2003.85,0.3837619556816312,0.08712706514241515,Loyal Customers
17083,109,3,1405.78,0.025682144961264405,0.8156340252068028,Loyal Customers
17084,35,2,2949.75,0.547607506071553,0.26410544622238397,Loyal Customers
17085,123,5,1555.05,0.39492189941602107,1.0865481749638766,Loyal Customers
17086,7,6,2050.08,1.712614310107222,-0.4924827787394009,Champions
17088,28,4,1991.01,0.9031008874389522,0.18308110619397178,Loyal Customers
17090,4,7,2041.85,2.010696779817123,-0.7401888835411434,Champions
17091,3,9,3802.81,2.5961468605263023,-0.5684770329061497,Champions
17092,50,4,1777.78,0.6333400194087981,0.5001940571509644,Loyal Customers
17094,322,1,270.2,-1.8025781499044595,0.6296969971325406,Lost
17095,23,3,1088.2,0.4836077860579404,-0.24385040366003638,Loyal Customers
17096,15,4,992.68,0.795911659308423,-0.4475857493929049,Loyal Customers
17097,2,8,937.92,1.9386359145457899,-1.3014794812175605,Champions
17100,18,2,971.74,0.2583777445570957,-0.5455167564277374,New Customers
17101,10,4,1621.73,1.1744529482132902,-0.5068744254512408,Loyal Customers
17102,262,1,25.5,-2.8413440818112994,-0.34739215535195395,Lost
17105,159,2,665.78,-0.7359395805903575,0.6694585112885971,Lost
17107,33,6,10380.43,1.9395607307536205,1.0162769097285904,Champions
17109,29,6,869.68,0.7967534678225514,0.034558730860889626,Loyal Customers
17110,165,1,163.3,-1.7893526756216918,0.024731635945089682,Lost
17111,47,1,248.61,-1.115086335324683,-0.6105987647310276,Lost
17114,6,8,747.22,1.50632224707272,-0.8463168761557909,Champions
17115,8,3,806.9,0.7142982415857603,-0.975180228171893,New Customers
17117,288,1,116.2,-2.163149319770574,0.25367773570899865,Lost
17118,318,1,157.02,-2.0572803844537373,0.42515677168804616,Lost
17119,3,2,593.61,0.6163979748582729,-1.7137140297318654,New Customers
17120,233,1,307.46,-1.617765065741073,0.47196617769178484,Lost
17122,119,1,138.32,-1.7447728190890681,-0.24127583251274884,Lost
17123,162,1,345.3,-1.424236773436304,0.2845877931819162,Lost
17124,185,1,298.89,-1.5437135648244629,0.31598932388468415,Lost
17125,50,1,259.35,-1.1179795716809822,-0.5567820727490417,Lost
17126,152,5,991.85,0.09890802366220408,1.0563696597947236,Loyal Customers
17128,335,1,157.09,-2.0768759444590206,0.4582736069785133,Lost
17131,5,5,2463.17,1.771170940397033,-0.668417679245499,Champions
17133,16,7,4892.24,1.963401683715027,0.35457925193002743,Champions
17134,107,2,425.0,-0.8011966997424994,0.25688222819398154,Lost
17135,16,7,1139.73,1.2639157173129152,-0.17553050732047126,Loyal Customers
17138,276,1,380.5,-1.5800409838916658,0.6564093623548417,Lost
17139,16,12,10585.57,2.7729612241879793,0.8249019089102834,Champions
17140,247,1,465.32,-1.4414130545823542,0.6592996116248405,Lost
17142,239,1,579.0,-1.3241109592083478,0.7179041522935202,Lost
17144,1,2,984.57,1.12357447690788,-1.9697259821669018,New Customers
17146,106,3,749.78,-0.265405215125543,0.5694852151953081,Loyal Customers
17147,23,4,1679.64,0.8936539668997273,0.0010864442446084682,Loyal Customers
17148,52,1,124.88,-1.4817277853738453,-0.7969130093754322,Lost
17152,195,3,1503.5,-0.1624349480057446,1.2067280783224248,Loyal Customers
17153,24,1,213.78,-0.9384045602114134,-1.079363917195521,New Customers
17154,75,1,329.34,-1.1557986805613598,-0.216904129991278,Lost
17155,18,2,251.7,-0.3890990445847586,-1.0362110395135546,New Customers
17157,8,2,306.55,-0.009666923412016136,-1.4389860146322295,New Customers
17158,32,3,1266.97,0.4351140776185312,0.013608606964250829,Loyal Customers
17159,22,3,1534.73,0.6648767400986874,-0.14579421432882902,Loyal Customers
17160,31,6,3518.03,1.4430262298405412,0.5839658228859437,Loyal Customers
17162,29,10,1707.21,1.529030585802161,0.45620039420510117,Champions
17163,22,2,293.1,-0.3891116607661334,-0.8597101481198086,New Customers
17164,33,7,2466.4,1.3700614204934292,0.5452914658643151,Loyal Customers
17165,284,1,158.68,-2.009263059869871,0.3574249243992389,Lost
17166,39,2,189.49,-0.8088643908930514,-0.6665655996122902,New Customers
17169,58,2,816.88,-0.2572108591344361,0.1105784038639469,Loyal Customers
17171,289,1,224.91,-1.849232054647944,0.49477314215664203,Lost
17172,79,1,313.26,-1.1993384083194578,-0.2025125782604804,Lost
17173,5,8,3755.65,2.340226704275241,-0.3567526246971091,Champions
17174,218,1,59.9,-2.371797738346073,-0.16068804657801666,Lost
17175,44,4,1430.94,0.5769039113980612,0.3417889668269724,Loyal Customers
17176,202,1,306.13,-1.5656215966109828,0.3801873300442918,Lost
17179,178,3,711.79,-0.4866594368133077,0.8771907622567103,Loyal Customers
17180,56,4,780.38,0.1957556260212712,0.2713261960248576,Loyal Customers
17181,57,2,239.92,-0.8378029841047179,-0.34521998004986965,Lost
17183,8,6,3286.91,1.8943507622173066,-0.24593631828562368,Champions
17186,47,2,144.0,-1.0094953279884615,-0.6501733380128919,Lost
17187,227,1,203.95,-1.8042365856239992,0.3066495780538617,Lost
17188,11,7,2275.58,1.7287280472747364,-0.14506017597928225,Champions
17189,106,2,384.4,-0.8457588667780784,0.21451630098364327,Lost
17190,59,2,249.74,-0.8315459993471627,-0.3091574144168555,Lost
17191,28,7,2095.13,1.3524145579372895,0.38496237365253083,Loyal Customers
17193,36,7,1674.46,1.151867102770649,0.4580516999291196,Loyal Customers
17194,274,2,262.62,-1.3883131764826435,0.675419345975962,Lost
17197,30,1,1013.01,-0.2749364680956381,-0.3778152934435589,New Customers
17198,24,3,692.22,0.25098462867375365,-0.3824310303073228,New Customers
17201,54,1,342.63,-1.013469875698581,-0.4078194925019114,Lost
17203,36,6,3563.85,1.3938512115177235,0.6808277257860164,Loyal Customers
17204,175,4,1352.91,0.02966906456495408,1.1870592249607517,Loyal Customers
17205,54,1,384.08,-0.9587643843591204,-0.36636059806146093,Lost
17206,53,1,204.24,-1.2540372498766212,-0.6070872054780478,Lost
17211,27,8,2299.67,1.5169921969190034,0.4425270042989157,Loyal Customers
17212,253,1,226.85,-1.794556033607956,0.4137536491316903,Lost
17213,40,7,2741.08,1.3493396376316158,0.7025467081518871,Loyal Customers
17214,60,6,984.12,0.5853194614280884,0.5299719078734004,Loyal Customers
17217,234,1,113.5,-2.0954318806013266,0.11390318797198926,Lost
17218,4,10,1960.72,2.2790837906059624,-0.6307223279512492,Champions
17219,32,1,114.23,-1.3434346093919705,-1.1298224438797106,Lost
17220,24,14,3198.25,2.180349101337886,0.6898801423345687,Champions
17221,7,2,335.13,0.07795359146739535,-1.4813986342632994,New Customers
17222,65,1,354.15,-1.0671887854312472,-0.2800890437236501,Lost
17223,310,2,426.79,-1.2026967564925133,0.9297462215540085,Lost
17226,309,1,393.49,-1.6068986808082495,0.740041233823107,Lost
17227,19,6,939.32,0.9884058951457262,-0.1947938757905348,Loyal Customers
17228,16,8,1906.09,1.617239959087987,0.05749676558642494,Champions
17229,96,2,318.76,-0.8980129273289125,0.08426696598845972,Lost
17230,264,8,3466.67,0.8566078283367858,2.0184747993107996,Loyal Customers
17231,12,10,3127.82,2.1387875269037036,0.14572289652541554,Champions
17232,3,2,421.52,0.4522756779110286,-1.8380951259958145,New Customers
17233,35,1,190.88,-1.1316786723954337,-0.8889545841501582,New Customers
17234,183,1,149.89,-1.8695277213322758,0.05908115807190469,Lost
17235,25,2,550.06,-0.13426013761956818,-0.5533005790731121,New Customers
17236,13,6,916.13,1.1124879338755176,-0.43027928562822587,Loyal Customers
17237,11,2,314.69,-0.10687373628590664,-1.2468735837550586,New Customers
17238,3,17,3744.65,3.1200508902326582,-0.34480868674015175,Champions
17239,313,1,379.95,-1.628566676428126,0.7354646757998495,Lost
17242,108,2,1135.04,-0.333550102707898,0.6198060929291046,Loyal Customers
17243,1,26,8628.55,4.151903278820153,-0.3227891487331004,Champions
17244,53,1,954.9,-0.5150243203467681,-0.047021693125985725,Lost
17245,205,1,171.45,-1.848461852330203,0.17938846307263084,Lost
17247,15,1,282.19,-0.6353192465676212,-1.2619806925248014,New Customers
17248,120,1,318.65,-1.3490268096613622,0.0663097504873982,Lost
17250,4,2,384.52,0.3231214861945062,-1.7298195017931146,New Customers
17251,363,1,283.28,-1.825543626340207,0.7226965178637033,Lost
17252,117,2,353.86,-0.9227496812451648,0.2465744940884015,Lost
17253,18,1,178.26,-0.9205397575988259,-1.3193692954761929,New Customers
17254,5,2,272.44,0.08855593873430026,-1.7391447942188107,New Customers
17255,41,2,298.41,-0.6102553696365536,-0.470972693276825,New Customers
17256,107,2,240.0,-1.0748271319374547,0.049509715374917045,Lost
17259,148,2,603.37,-0.7559713607224895,0.5884722504080238,Lost
17262,52,5,1253.36,0.6156775490995537,0.4685681505594411,Loyal Customers
17263,208,1,63.44,-2.326825963486064,-0.16978532435958263,Lost
17265,139,2,562.9,-0.7654946945264006,0.5236941625058468,Lost
17266,2,3,310.64,0.6758548131172453,-2.0192911966074996,New Customers
17267,127,2,317.62,-1.0055301134332932,0.25899173516633733,Lost
17268,108,4,763.64,-0.06198229517185183,0.6749405658482821,Loyal Customers
17272,42,4,2144.53,0.788483039113636,0.46013413207581766,Loyal Customers
17274,35,1,111.98,-1.3861030580061335,-1.081771675960132,Lost
17277,228,2,1065.35,-0.6471870452670383,1.0679725541616494,Lost
17278,241,1,246.04,-1.7372492032922937,0.4124718085779233,Lost
17279,58,1,187.83,-1.3278510816034204,-0.5812155301171632,Lost
17282,130,3,1703.41,0.0512125054122127,0.9963983515635843,Loyal Customers
17284,60,6,1641.68,0.8309348652685273,0.7161130584497074,Loyal Customers
17286,22,1,153.92,-1.0635276763646033,-1.251223120077155,New Customers
17287,26,7,1064.11,1.054470030502447,0.09314438665134489,Loyal Customers
17288,9,7,1419.73,1.571797591842105,-0.432432546994269,Champions
17289,32,3,936.16,0.2898939776368592,-0.09644734260052244,Loyal Customers
17290,4,2,525.24,0.4725907369887855,-1.6165433070447583,New Customers
17291,308,1,550.8,-1.4444628515910964,0.8601591828728631,Lost
17293,8,9,1875.11,1.9472484635866614,-0.311053525779299,Champions
17295,29,3,556.95,0.07715167409172342,-0.3457297521716293,New Customers
17297,17,1,131.78,-1.0440877010434177,-1.462952022137062,New Customers
17298,101,2,498.42,-0.7030096005483282,0.2784869087603713,Lost
17299,12,4,669.11,0.6858823112657649,-0.7228042230702237,New Customers
17301,21,1,197.63,-0.9271837069017841,-1.1889617091381373,New Customers
17302,15,5,1119.93,1.0185958074898098,-0.33260138033749875,Loyal Customers
17303,361,1,250.04,-1.8831724605065427,0.673931937055004,Lost
17306,11,19,8600.73,3.195501291884998,0.6962707480508562,Champions
17309,95,1,82.75,-1.904110549534171,-0.5681868414815484,Lost
17311,78,2,1384.85,-0.11526250804709803,0.4878424910680968,Loyal Customers
17312,139,3,644.3,-0.44068616874749117,0.6849966249782486,Loyal Customers
17313,31,1,2288.13,0.10408411510094788,-0.06124049222914205,Loyal Customers
17314,25,8,2514.76,1.588197022856303,0.42802379173901756,Champions
17315,2,38,6204.46,4.171198513987208,-0.042033907860015124,Champions
17317,46,3,2524.02,0.6310785693750738,0.48883939588469993,Loyal Customers
17320,100,3,1200.62,-0.01747140066071557,0.7040683283484579,Loyal Customers
17321,8,2,700.86,0.3866719835309484,-1.1386181264502397,New Customers
17323,15,7,908.99,1.1784895398356177,-0.2962806124848437,Loyal Customers
17324,18,4,990.23,0.7291623232313852,-0.33940462325619414,Loyal Customers
17325,280,1,96.8,-2.239363108877833,0.1699837121054723,Lost
17329,14,2,523.11,0.0515050099920374,-0.9206893468594609,New Customers
17330,23,2,363.9,-0.3017346117471736,-0.7541713050329933,New Customers
17331,124,1,175.2,-1.6475375209858676,-0.1298711916577009,Lost
17333,86,1,494.25,-1.012854968150616,0.016310745313169412,Lost
17334,302,2,306.6,-1.351190876646696,0.793132850589626,Lost
17337,151,4,1944.32,0.2596954123210878,1.2259433687683412,Loyal Customers
17338,17,8,6612.18,2.1927475878784373,0.5464557949643655,Champions
17339,94,2,243.36,-1.019245321482851,-0.026857767824873795,Lost
17340,30,11,11891.18,2.5272682329369927,1.2173493639889499,Champions
17341,157,3,781.36,-0.3943152891867846,0.8318837295372573,Loyal Customers
17343,355,1,193.64,-1.9990273605375184,0.570689479985403,Lost
17344,46,1,160.57,-1.315989815934991,-0.7823053489938219,Lost
17345,15,4,537.74,0.5018470659014438,-0.670444417475826,New Customers
17346,4,15,2611.58,2.7554019823377236,-0.38026250182528476,Champions
17347,86,1,228.96,-1.3813626146518876,-0.2629650502736385,Lost
17348,15,5,1159.52,1.0352686719450623,-0.3199657470483111,Loyal Customers
17349,179,1,110.75,-2.005386646548399,-0.06418604881943289,Lost
17350,8,4,1256.19,1.1284105632206078,-0.7271618303571403,New Customers
17351,36,3,587.15,0.02246084028275877,-0.19342275576973683,Loyal Customers
17353,129,2,1740.0,-0.19569920751660805,0.8870509614415107,Loyal Customers
17354,51,1,1393.06,-0.3193772363875288,0.06638345124717805,Loyal Customers
17356,312,1,178.22,-1.9895631474281412,0.4589343105129695,Lost
17357,24,2,388.14,-0.2864144163383482,-0.7048465306142259,New Customers
17358,303,2,365.85,-1.267832094384358,0.8593508783036937,Lost
17359,11,1,127.86,-0.903791347113781,-1.73122514615459,New Customers
17360,17,3,585.79,0.29624826679332605,-0.6516231866621575,New Customers
17361,49,3,488.2,-0.18090183051868905,-0.06936005394609795,Loyal Customers
17362,239,2,312.23,-1.2535495335343803,0.6517821942268865,Lost
17364,1,11,4455.73,3.1014891959021225,-0.8796572076914287,Champions
17365,13,8,4801.56,2.1349549771771574,0.27047511695492105,Champions
17367,238,1,168.4,-1.9137219447232008,0.26720631995982946,Lost
17368,23,8,1349.52,1.3199129550543434,0.15075389267245023,Loyal Customers
17370,73,4,446.18,-0.171911334198346,0.23383070555846924,Loyal Customers
17371,17,3,423.89,0.14117213173751195,-0.7691485932729272,New Customers
17372,41,8,1342.68,1.1039718722974834,0.5041145829452542,Loyal Customers
17373,40,4,646.92,0.2314892839506558,-0.005989213144766531,Loyal Customers
17374,219,2,495.77,-0.9988188409658134,0.7644441074594627,Lost
17375,199,3,372.5,-0.8394198361938947,0.7123356019066305,Lost
17376,71,2,203.2,-0.999729301764164,-0.2681745124989762,Lost
17377,24,20,3925.92,2.5829326265538115,0.8957335553048759,Champions
17379,11,1,404.66,-0.35292590025613313,-1.3137483654335116,New Customers
17381,9,29,20272.43,4.04339420800665,1.0508126041052324,Champions
17382,65,1,65.4,-1.8726683520670602,-0.8905267074652019,Lost
17383,4,1,199.29,-0.3579309976375902,-2.1263619621842276,New Customers
17384,19,2,336.4,-0.26981392865027043,-0.8984216744801561,New Customers
17385,15,1,261.11,-0.6724765049216666,-1.290140550229721,New Customers
17386,8,6,2686.42,1.7974773920320062,-0.31935240011333627,Champions
17387,20,2,784.11,0.117257707708098,-0.5600012114558129,New Customers
17388,78,4,1259.56,0.300959840347781,0.6526043010782444,Loyal Customers
17389,1,34,31300.08,5.005395630924012,0.24748899424571147,Champions
17391,164,2,508.8,-0.8766266677618643,0.5912669862032709,Lost
17392,307,2,457.91,-1.1652673562104021,0.9491571196831804,Lost
17394,219,1,203.87,-1.79079712492324,0.2838358444310688,Lost
17396,39,8,7330.8,1.9376562826495018,1.0908516285895224,Champions
17397,22,2,696.41,0.025652380652200078,-0.5453786579928999,New Customers
17398,115,3,653.38,-0.362229399025595,0.5707195101854524,Loyal Customers
17400,126,5,2129.96,0.5368356839386248,1.2161840379042406,Loyal Customers
17402,5,13,2633.85,2.5692206014298513,-0.31353268014539487,Champions
17403,36,1,281.62,-0.95612256650928,-0.730595178886515,New Customers
17404,4,15,30300.82,3.93268877816101,0.5119515666180892,Champions
17405,1,3,967.22,1.3750812471828116,-1.8639757077715866,New Customers
17406,333,3,1928.72,-0.2462255402277057,1.635674599948798,Loyal Customers
17408,163,1,32.65,-2.5464175570100003,-0.5602132368842379,Lost
17409,185,2,771.85,-0.7224731610070834,0.8187740651545319,Lost
17410,16,5,1214.72,1.034460719646786,-0.2645687096654678,Loyal Customers
17411,12,3,748.94,0.5382455258726995,-0.7688724901484402,New Customers
17412,3,7,1258.06,1.8633471635728245,-1.0580146261313423,Champions
17414,44,2,778.0,-0.17726336898459635,-0.07908649683863835,Loyal Customers
17415,80,1,507.84,-0.9725886188132825,-0.019192040135379368,Lost
17416,30,7,6838.34,1.8950375398889836,0.8578067992381346,Champions
17418,42,2,463.46,-0.4083273116704059,-0.2962011159959424,New Customers
17419,11,12,4200.97,2.4619820799779264,0.2674338807198608,Champions
17420,50,3,598.83,-0.09052457411841093,0.017427987235296684,Loyal Customers
17422,16,6,1853.13,1.37654651664681,-0.05078568581207792,Loyal Customers
17423,46,2,663.63,-0.2701245988898555,-0.10928730586899296,Loyal Customers
17425,19,2,759.17,0.12036521851491536,-0.602721998284798,New Customers
17426,8,6,5022.26,2.0979380799218967,-0.09164641232803494,Champions
17427,72,1,100.8,-1.70586504987076,-0.6709832249764003,Lost
17428,1,28,17078.45,4.544425956977366,-0.046391192677348606,Champions
17429,128,3,512.12,-0.5195667474165403,0.5496160848265548,Lost
17430,33,2,265.76,-0.5851016131173026,-0.6471321736016648,New Customers
17431,313,1,403.3,-1.5999908323882257,0.757121055673042,Lost
17432,18,2,365.76,-0.21016466184143615,-0.9006045125583444,New Customers
17433,88,1,303.16,-1.2557033113311944,-0.14673539206517525,Lost
17434,2,7,2333.42,2.269672385748759,-1.0158597615860319,Champions
17436,2,2,216.3,0.24261514258124742,-2.2627688717408407,New Customers
17438,254,1,378.3,-1.5512471579791418,0.6017769304174401,Lost
17440,157,3,177.1,-1.1052257965058936,0.29311581140158777,Lost
17442,37,6,2210.26,1.1542789014282198,0.5239043996027294,Loyal Customers
17443,220,1,534.24,-1.3312236729382885,0.6363163228344574,Lost
17444,148,3,2940.04,0.26414755161447073,1.2767199831601848,Loyal Customers
17446,177,2,120.9,-1.5928600063261444,0.11852975082886992,Lost
17447,40,2,541.53,-0.31552474993232027,-0.26987230969435594,New Customers
17449,2,7,2504.86,2.3037144164483245,-0.9900607983968682,Champions
17450,8,46,187482.17,5.557891251053272,1.9688200956781092,Champions
17451,1,7,1648.95,2.2576715962744918,-1.3995522162295173,Champions
17453,18,2,486.72,-0.0732473313951803,-0.7968408681589926,New Customers
17454,192,4,517.53,-0.4665314462157445,0.8961972611154886,Loyal Customers
17455,204,1,131.7,-1.972466144392478,0.08091531152842454,Lost
17456,365,1,249.86,-1.8877095257630347,0.6806460283224679,Lost
17457,127,5,1737.7,0.43612248485585586,1.1471040047013341,Loyal Customers
17458,15,1,316.5,-0.5803859901837866,-1.2203491849389296,New Customers
17459,43,2,657.3,-0.24955748860217972,-0.15463706870322558,New Customers
17460,94,6,452.63,0.04380073620685353,0.5288563869430598,Loyal Customers
17461,23,3,757.46,0.30976322757965874,-0.3755995758642336,New Customers
17462,60,2,662.94,-0.37009463270624704,0.055827301357411374,Loyal Customers
17463,16,5,1881.36,1.2444669188151434,-0.10541421475133793,Loyal Customers
17464,158,1,289.96,-1.4983968416492996,0.20543062215476554,Lost
17466,10,2,763.28,0.35103937175281597,-0.980228622223697,New Customers
17468,10,2,137.0,-0.4711744810554936,-1.6033484680821541,New Customers
17469,16,5,1843.06,1.2345924364207121,-0.1128976522129353,Loyal Customers
17470,45,5,1125.07,0.6178930712576463,0.33938034837337444,Loyal Customers
17472,191,3,710.29,-0.514419242770369,0.9209250389248755,Loyal Customers
17475,79,1,194.37,-1.4276632511722498,-0.3755499704159953,Lost
17480,78,1,506.51,-0.9643074263092551,-0.036014073178003474,Lost
17481,4,4,1249.34,1.3500357816724806,-1.1022410284128632,New Customers
17483,65,3,414.04,-0.36579125240026344,0.04701635322688535,Loyal Customers
17486,261,1,396.87,-1.538619027338315,0.6363665580175457,Lost
17489,59,2,376.64,-0.634828813868177,-0.1600740805923244,Lost
17490,1,7,1926.88,2.3324512857239257,-1.3428799667850189,Champions
17491,1,10,3541.92,2.9126147225019743,-0.9971317214119318,Champions
17492,248,1,374.57,-1.546910171408616,0.5830657671754587,Lost
17495,8,2,497.56,0.22238585429940827,-1.2631233840225737,New Customers
17496,359,1,271.05,-1.8424509644841103,0.6996745605638277,Lost
17498,76,1,272.22,-1.2519788722369043,-0.27771796102966934,Lost
17499,290,1,622.88,-1.362590761972993,0.8667575340710151,Lost
17500,17,3,1138.0,0.6148382434217212,-0.4101778054505886,Loyal Customers
17501,221,2,288.6,-1.2614836301032561,0.5737428583826277,Lost
17502,9,4,689.1,0.800098171355787,-0.8786358459454157,New Customers
17503,3,2,558.96,0.5875572958234352,-1.735571116441436,New Customers
17504,206,9,2745.28,0.9340467643852928,1.8178784710216955,Loyal Customers
17505,162,2,1145.84,-0.4825277619694965,0.8786704127019321,Loyal Customers
17506,76,1,294.29,-1.21466463137659,-0.24943913316294267,Lost
17507,262,2,605.58,-0.9709980486212434,0.9504637657954113,Lost
17508,281,1,387.31,-1.5783671451902888,0.6742055470454593,Lost
17509,58,8,6100.74,1.7011615315777249,1.2706925887839298,Loyal Customers
17510,25,1,308.48,-0.7779042614672314,-0.9214928828380605,New Customers
17511,3,31,88125.38,5.157172587283179,1.0293252022014108,Champions
17512,29,10,2920.04,1.7867378664726195,0.6515054483093361,Champions
17513,72,1,513.2,-0.9278814631719622,-0.0813835594290661,Lost
17514,128,1,208.65,-1.5760596021192956,-0.04660049451214678,Lost
17515,31,4,639.02,0.3201496981937029,-0.16776609311269303,Loyal Customers
17516,15,5,768.08,0.8376370596311628,-0.4697420848966424,Loyal Customers
17517,309,1,153.94,-2.055817009876578,0.39982570588391864,Lost
17519,17,6,1839.07,1.3510832562052446,-0.017276156080282233,Loyal Customers
17520,54,1,546.81,-0.7894501919103222,-0.23804479172957563,Lost
17521,30,3,721.96,0.1890943396144415,-0.23059973511432874,Loyal Customers
17522,2,5,1070.71,1.6356741327651905,-1.4114835681938296,Champions
17523,11,4,652.74,0.7045396270167291,-0.7826138226305073,New Customers
17524,361,1,145.0,-2.1435274510443785,0.476620299677083,Lost
17525,360,1,422.7,-1.6306930004076763,0.8627193928056406,Lost
17526,5,4,706.7,1.0070831518223275,-1.1937081405624572,New Customers
17527,54,4,888.86,0.2718299701627475,0.2959806956137,Loyal Customers
17528,1,8,3540.1,2.730979957701658,-1.0755942372931444,Champions
17530,1,10,2385.0,2.7227146800530164,-1.1410486412925032,Champions
17531,190,1,293.45,-1.562627559178216,0.3261625438456126,Lost
17534,54,1,223.36,-1.2182516299104245,-0.5630146095426575,Lost
17535,280,1,164.4,-1.9869644556658126,0.3612655901073787,Lost
17536,177,1,76.5,-2.1769271123425264,-0.204511742060128,Lost
17537,30,2,897.62,0.03353628491161685,-0.2636346828906617,New Customers
17538,26,1,98.42,-1.337764878641366,-1.3109195025260416,New Customers
17540,25,2,570.4,-0.11684929889115596,-0.5401056674237167,New Customers
17542,270,1,170.75,-1.9550434460754378,0.3519798634236961,Lost
17545,43,3,645.96,0.0021339944674233923,-0.04874680857579104,Loyal Customers
17549,24,2,148.86,-0.7447869936459928,-1.0522270189654392,New Customers
17550,197,3,267.16,-0.9947434251649968,0.58533744382638,Lost
17551,359,1,306.84,-1.7830818594550086,0.7446678034386995,Lost
17552,60,4,909.96,0.24358464386656378,0.37023306376470094,Loyal Customers
17553,130,1,1487.6,-0.6403609389211271,0.6767382009003341,Lost
17554,1,5,1952.45,2.078742217078697,-1.4502992666003596,Champions
17555,20,2,483.26,-0.11485060631331387,-0.7359059306009522,New Customers
17556,206,1,157.9,-1.8896179047941748,0.15267205639522222,Lost
17557,14,3,541.46,0.3280736084888442,-0.7959458111791318,New Customers
17560,95,4,854.95,0.04065733710009091,0.6353952738193893,Loyal Customers
17561,19,1,167.62,-0.9695016552392824,-1.3090869686748627,New Customers
17562,14,7,1107.38,1.2978480974331787,-0.2654492808519158,Loyal Customers
17564,24,3,454.01,0.0487418279030945,-0.5357019858035887,New Customers
17566,8,2,901.21,0.5072954734871429,-1.047202869687427,New Customers
17567,7,8,4012.56,2.262247521956303,-0.15006841526536466,Champions
17569,332,1,344.14,-1.6984001765277528,0.7368179080259987,Lost
17571,50,4,1498.51,0.5513005468305191,0.4380199362301332,Loyal Customers
17572,71,4,226.75,-0.485559627890507,-0.029182717009839803,Lost
17573,29,3,362.9,-0.12814725670488292,-0.5013168146809154,New Customers
17574,243,1,185.65,-1.8750399334925787,0.3156501748339452,Lost
17576,8,19,3457.78,2.867630487432989,0.1820106198546679,Champions
17578,218,1,124.74,-2.0235486670140914,0.10323466271173623,Lost
17579,5,3,440.2,0.5784036281854822,-1.4527663823728694,New Customers
17580,253,3,215.72,-1.1920712199889014,0.6658974308492951,Lost
17581,1,25,10736.11,4.222753522114495,-0.25796283854866536,Champions
17582,236,1,175.27,-1.8914198302380034,0.2763444449721584,Lost
17584,7,2,1227.3,0.7004397194446692,-1.0096436780686393,New Customers
17585,109,4,1133.07,0.12387162296514607,0.824228345022728,Loyal Customers
17588,100,3,1240.2,-0.0019040608249280607,0.7158661329777162,Loyal Customers
17589,60,4,2404.17,0.7099499524689051,0.7236708928859934,Loyal Customers
17590,2,3,1479.22,1.4242942480044771,-1.4520817489578122,New Customers
17591,73,7,2215.02,1.0217399922324018,0.9998128621556374,Loyal Customers
17593,4,5,3911.56,2.062815120703363,-0.6158349924334059,Champions
17594,85,2,993.18,-0.3072031024127448,0.42081528700962545,Loyal Customers
17595,12,2,388.79,-0.03612970787067682,-1.1193106234284667,New Customers
17596,23,7,2827.93,1.5686264128216973,0.3739846081934343,Champions
17597,214,1,2044.37,-0.6767500235310131,1.106883963507117,Lost
17600,18,1,161.67,-0.9671887629785282,-1.3547225322799363,New Customers
17601,239,1,116.01,-2.093047790510069,0.13516062619128408,Lost
17602,2,6,5050.77,2.5197941782887177,-0.786916541813164,Champions
17604,217,2,309.36,-1.2212907543504172,0.5874051544554832,Lost
17608,33,2,193.42,-0.7370515600134098,-0.762288379210107,New Customers
17609,41,5,1103.92,0.643492314347211,0.2747346765619421,Loyal Customers
17611,7,15,3947.87,2.77451868654978,0.06844808107634337,Champions
17612,53,6,1992.76,0.9704791775632154,0.7092570713014169,Loyal Customers
17613,23,14,4509.37,2.360907296035656,0.7890030154874608,Champions
17614,57,1,390.07,-0.9716121007657263,-0.3270306751781908,Lost
17615,130,3,329.6,-0.7366005383516366,0.3993493712785726,Lost
17616,174,3,571.2,-0.5835703561422071,0.7828668871678772,Lost
17618,6,3,971.58,0.8992911169934069,-1.0671644262337598,New Customers
17619,312,1,218.52,-1.892133159419661,0.5327722285953221,Lost
17620,60,1,81.44,-1.7386761021514814,-0.8617632465540169,Lost
17621,21,3,1336.1,0.6153053205693425,-0.224429929041282,Loyal Customers
17623,33,1,527.05,-0.6235987644286789,-0.5567101071992997,New Customers
17624,15,2,843.48,0.2560211318080735,-0.7060702526398478,New Customers
17625,18,4,2047.0,1.0777424943034934,-0.0752309879837094,Loyal Customers
17628,81,1,75.75,-1.8858993789453327,-0.7000142532035353,Lost
17629,6,8,1784.12,1.924011763612263,-0.5297682966422652,Champions
17630,170,2,503.6,-0.8951784819993628,0.6102062911273675,Lost
17631,2,3,528.33,0.9303291631577589,-1.8264362389458408,New Customers
17633,31,4,1242.34,0.6391327016047821,0.0739771458732345,Loyal Customers
17634,36,9,2361.97,1.5187295638846456,0.6702614991608822,Loyal Customers
17636,19,1,265.93,-0.7488560912745089,-1.1418693654473284,New Customers
17637,31,2,547.06,-0.21609997381229487,-0.423491351539466,New Customers
17639,276,1,108.5,-2.1796131882583643,0.2020198646713299,Lost
17640,87,1,621.66,-0.9072437683473035,0.10690748950505814,Lost
17642,120,2,712.29,-0.5969612432186483,0.5166699140698708,Lost
17643,373,1,101.55,-2.3256575325229636,0.36872080113185074,Lost
17644,1,11,2768.98,2.8730443887046784,-1.0527855155663672,Champions
17646,219,3,995.66,-0.4043179562695343,1.1301345895982935,Loyal Customers
17647,65,1,133.06,-1.5351757221078888,-0.6347558336952691,Lost
17648,61,4,1789.55,0.5619947099265588,0.6265647274259875,Loyal Customers
17649,138,1,861.74,-0.9249988150878105,0.5157875882000393,Lost
17650,21,1,166.08,-1.010271174213575,-1.2519300593395575,New Customers
17651,12,10,3886.67,2.2430985132975243,0.22477562172708515,Champions
17652,25,12,4737.13,2.224683589758265,0.8019237125463317,Champions
17653,37,4,1175.88,0.5471811646517126,0.16305862844212046,Loyal Customers
17654,277,1,117.55,-2.142842923778457,0.23321570627829216,Lost
17655,11,7,2571.74,1.7874740685368495,-0.10053914098502045,Champions
17656,73,5,1674.69,0.6274484517254864,0.7858522678855097,Loyal Customers
17658,26,2,485.88,-0.20813906456254558,-0.5744229736832027,New Customers
17659,17,12,2954.75,2.1383016021774153,0.3967282139896873,Champions
17660,141,1,196.0,-1.6425859058371102,-0.008312680755074024,Lost
17663,26,7,1788.27,1.303644268754336,0.28198262186363093,Loyal Customers
17664,19,2,604.64,0.011201557632601304,-0.685452352814827,New Customers
17666,4,2,728.16,0.6292516159228861,-1.497816892499386,New Customers
17667,66,5,2055.51,0.7637301942498395,0.7973268500907083,Loyal Customers
17668,1,2,347.75,0.624550837604405,-2.3479141288886316,New Customers
17669,43,7,3406.72,1.4267918533575643,0.8264858927561832,Loyal Customers
17670,228,1,205.7,-1.8018220623176664,0.3125226464045428,Lost
17671,16,4,1284.08,0.8963109513170237,-0.3154881769158626,Loyal Customers
17672,50,2,3106.62,0.43960444980930646,0.5040452263979882,Loyal Customers
17673,2,6,1622.22,1.9744345480696897,-1.2002207053939886,Champions
17674,74,2,551.04,-0.53758083780372,0.11978182458941018,Lost
17675,1,31,20098.1,4.71160806916528,0.05127258406597064,Champions
17676,4,6,1383.27,1.7030555432666068,-0.9339498197798999,Champions
17677,2,30,16219.22,4.425223022837747,0.2181961946580963,Champions
17678,264,1,298.11,-1.6800145965322706,0.5397276253333348,Lost
17679,53,2,1992.11,0.20444282880610623,0.3786335586047886,Loyal Customers
17680,24,1,184.4,-1.0090640674809062,-1.1329136611311366,New Customers
17682,10,6,2459.33,1.6785097666728437,-0.22411885055705671,Champions
17684,44,1,239.41,-1.1085030897953652,-0.6652348997828126,Lost
17685,17,7,3191.53,1.7364637224619415,0.23539993546292293,Champions
17686,7,7,5739.46,2.327682529289973,-0.06573640522513068,Champions
17690,30,15,4748.45,2.346411834405824,0.9954305408847095,Champions
17691,358,2,290.4,-1.4418807116997936,0.8810819499241791,Lost
17692,127,4,733.44,-0.1426418717828621,0.7622620507252459,Loyal Customers
17693,137,1,187.02,-1.6540958612229195,-0.04343369066972538,Lost
17694,142,1,283.12,-1.4693606965658574,0.1294504479014481,Lost
17695,132,2,765.34,-0.598577174929794,0.6028052322283173,Lost
17696,38,8,2201.05,1.3695292179361067,0.636902627647505,Loyal Customers
17697,236,1,338.95,-1.5759316585246395,0.5154391041739536,Lost
17698,261,1,154.95,-1.9885144121103555,0.2954105623795795,Lost
17700,17,4,2508.89,1.196062222567814,-0.03551280600793164,Loyal Customers
17701,253,1,417.95,-1.5019892247642241,0.6354772119339207,Lost
17702,30,4,1719.72,0.8073325086309835,0.17211669669944774,Loyal Customers
17703,35,3,798.74,0.18052921920424472,-0.09894278495391805,Loyal Customers
17704,169,2,885.19,-0.6224217098029926,0.8114980797057293,Lost
17705,3,9,1781.12,2.2319421240093535,-0.8444918415891051,Champions
17706,4,17,10097.37,3.511323863098549,0.1578758779924656,Champions
17707,185,2,152.4,-1.4992241098678118,0.23010856180482236,Lost
17708,188,2,267.08,-1.2371769123619727,0.4434849050685528,Lost
17709,170,1,137.45,-1.8829038561789992,-0.018750113044474034,Lost
17711,11,2,385.1,-0.010161186531700863,-1.1735793806841832,New Customers
17712,45,1,522.91,-0.7427044740436456,-0.3677064784472005,New Customers
17714,321,1,153.0,-2.0732298011098096,0.4217172523334524,Lost
17715,201,1,326.4,-1.5330373482124493,0.4003191671657655,Lost
17716,23,11,5505.79,2.255086044334244,0.7746249088455305,Champions
17718,232,1,139.35,-1.994387882915646,0.18258362151828691,Lost
17719,38,15,5367.8,2.317705418956549,1.185772447737726,Champions
17720,26,4,1195.94,0.6856824653803527,-0.047709674566109,Loyal Customers
17722,96,4,2380.64,0.5282664577425951,1.0145067387603535,Loyal Customers
17723,127,6,3276.4,0.879963568875732,1.4380029012033397,Loyal Customers
17724,71,3,995.65,0.021815208962569024,0.4211536187965288,Loyal Customers
17725,16,11,3371.13,2.151064126822943,0.37720302307251014,Champions
17727,15,1,1042.55,-0.008809089949450294,-0.7871761013746107,New Customers
17728,4,3,2515.68,1.484354610240399,-0.9346274922592194,New Customers
17730,3,13,5288.83,3.0586997528234217,-0.31717546475792857,Champions
17731,79,4,878.2,0.12308953691609113,0.5294253692471217,Loyal Customers
17732,373,1,303.97,-1.8021367114821187,0.7654742883133884,Lost
17733,39,2,692.19,-0.18838804625204436,-0.19633377013025619,New Customers
17734,54,3,700.63,-0.044031498840466005,0.12242231320513293,Loyal Customers
17735,2,19,13110.02,3.926858538192185,-0.030223239476747533,Champions
17736,9,3,337.49,0.2562199853435175,-1.2249981054360188,New Customers
17737,9,2,168.24,-0.3367890028260203,-1.5895579445789858,New Customers
17738,19,4,1863.35,1.0130433891558266,-0.07687520107542777,Loyal Customers
17739,12,7,2786.05,1.7953707871399631,-0.02060540250744874,Champions
17742,113,2,355.11,-0.9079035899676415,0.22596490724023183,Lost
17744,4,6,2291.08,1.9452920863157166,-0.7503693597201525,Champions
17746,240,1,98.8,-2.1710543557810382,0.07988433527804613,Lost
17747,113,1,64.65,-2.086639760799446,-0.5477502087444462,Lost
17749,178,2,674.52,-0.7724947114155986,0.7454244188643154,Lost
17750,5,9,1797.57,2.081664555005117,-0.5837830430539582,Champions
17752,359,1,80.64,-2.420637888068996,0.2614920299836903,Lost
17754,1,5,1739.92,2.023413358256694,-1.4922305839370045,Champions
17757,1,30,5585.49,4.0679005211229,-0.42720045211007973,Champions
17758,19,8,3456.7,1.841059614979669,0.3772664509357156,Champions
17759,17,3,834.99,0.46626965677832793,-0.5227714263102254,New Customers
17760,22,2,287.59,-0.39819653781147174,-0.8665951782914592,New Customers
17761,33,1,712.78,-0.4788276206033171,-0.4469944018300745,New Customers
17763,263,1,15.0,-3.0851578304006293,-0.5286617531676072,Lost
17764,51,2,818.82,-0.2078898125076407,0.03127751365572152,Loyal Customers
17765,159,3,371.88,-0.7550851736729715,0.5700932207240752,Lost
17767,15,1,271.2,-0.6543321483729958,-1.2763897375704694,New Customers
17768,8,3,2273.18,1.2114349117746308,-0.598422132646474,Loyal Customers
17769,13,10,3960.63,2.2238777300911106,0.278675262093364,Champions
17770,199,5,1143.27,0.0648906728411563,1.2780755354076523,Loyal Customers
17771,57,2,245.81,-0.8262005525911544,-0.3364270056775436,Lost
17772,11,2,182.77,-0.3667820336339215,-1.44384669194056,New Customers
17774,97,4,1215.46,0.20162984020601787,0.7764388473322599,Loyal Customers
17775,255,1,56.4,-2.45978612723684,-0.0831489987262868,Lost
17777,25,3,665.86,0.2173992758497145,-0.3716490055493196,New Customers
17779,21,3,642.17,0.26375804454757046,-0.490852203122959,New Customers
17781,159,2,188.02,-1.3414782833597902,0.2105472659449991,Lost
17783,72,2,283.47,-0.845740671698228,-0.13873002361701464,Lost
17785,53,1,131.94,-1.4626467276222261,-0.7651831864366174,Lost
17786,85,2,278.74,-0.916320615901956,-0.04080818213858031,Lost
17787,153,4,1865.19,0.23476024753147376,1.2191230213227067,Loyal Customers
17788,74,2,1117.9,-0.19821942282628222,0.37696896862595,Loyal Customers
17789,281,1,225.9,-1.836459151231861,0.4786089264428889,Lost
17790,27,14,1965.55,1.903354713272738,0.5846593561999754,Champions
17791,30,1,106.1,-1.3547283193533706,-1.1961422160766684,New Customers
17793,25,1,323.04,-0.7558206751663118,-0.9047567005847083,New Customers
17795,180,2,350.39,-1.0906869696317094,0.5145457934417724,Lost
17796,40,4,697.9,0.26787156249603716,0.021583321326338858,Loyal Customers
17797,22,3,780.43,0.340332005803009,-0.39175244541161874,New Customers
17799,22,10,3026.08,1.9052365611543283,0.49583488297804834,Champions
17800,37,9,1199.01,1.1830719320334486,0.4405193185142353,Loyal Customers
17802,82,3,1251.84,0.07746353218583688,0.5946779759770194,Loyal Customers
17805,74,1,512.31,-0.9390254574001997,-0.06485808919752908,Lost
17806,11,1,546.04,-0.2092966844679364,-1.2048980772791258,New Customers
17809,16,12,4627.62,2.3755505637364327,0.5237217857132971,Champions
17811,4,39,7677.71,4.101521787585841,0.3696304680997924,Champions
17812,13,4,732.16,0.7008034764237,-0.6430298962954921,New Customers
17813,14,5,1714.6,1.2476592296783737,-0.21862953960175735,Loyal Customers
17816,37,4,36.56,-1.1074883935731146,-1.090942914521564,New Customers
17817,4,3,387.68,0.5870810353768856,-1.614631812001774,New Customers
17819,72,7,3661.07,1.2682205169727037,1.1740397783050585,Loyal Customers
17824,51,1,298.4,-1.058256570147302,-0.49358081472552034,Lost
17827,5,5,1995.46,1.6700661514756088,-0.7450405678931289,Champions
17828,23,4,1599.97,0.8703255497384372,-0.016593140763616752,Loyal Customers
17829,299,1,889.24,-1.2034294348253127,1.0155193167802585,Lost
17830,2,3,398.7,0.795398578630853,-1.9286942156812428,New Customers
17831,33,1,35.4,-1.908366212481375,-1.53037905167183,Lost
17832,50,1,155.37,-1.3628653231685908,-0.7423702517838536,Lost
17835,3,3,350.64,0.6241069501052584,-1.7927274198498295,New Customers
17836,47,1,110.21,-1.503443243147082,-0.9049174455873797,Lost
17837,42,8,1560.53,1.1671698418925027,0.5737487060388968,Loyal Customers
17838,27,5,2312.7,1.1532016947528025,0.2864234959361279,Loyal Customers
17839,42,1,338.8,-0.9249502736004248,-0.5681296477938457,Lost
17841,2,124,40340.78,6.123231750648745,1.0937672884407073,Champions
17843,303,1,205.48,-1.910419083922636,0.49195973030335066,Lost
17844,107,1,51.56,-2.172834639569008,-0.6630246846708533,Lost
17846,85,1,2033.1,-0.32982507511019415,0.5232684555602924,Loyal Customers
17848,81,9,901.2,0.7526151331283581,0.8248749714821864,Loyal Customers
17849,218,4,605.8,-0.4392355309995739,1.0336439192996156,Loyal Customers
17850,372,34,5288.63,2.156643843502633,2.9189424992272928,Champions
17852,12,2,114.34,-0.6210691266284668,-1.562610574174816,New Customers
17854,185,2,311.26,-1.15779406940821,0.4888634264376307,Lost
17855,373,1,208.97,-1.9814285160781322,0.6295968869998899,Lost
17856,2,4,1393.79,1.597440015391187,-1.3866813423472888,New Customers
17857,4,23,26763.34,4.239562151905647,0.6249200777199884,Champions
17858,6,12,5155.66,2.765963270418579,-0.00015550229818439944,Champions
17859,305,1,148.21,-2.068963515546878,0.3778640479793975,Lost
17860,369,1,252.8,-1.8862596003286787,0.6917870416396148,Lost
17861,3,8,2059.2,2.206357008865491,-0.8328041822942646,Champions
17862,324,1,330.9,-1.7079125035708786,0.7071428692603515,Lost
17863,59,6,3160.0,1.1516617477088043,0.9439069590130329,Loyal Customers
17864,13,3,597.5,0.40162017051744037,-0.8039486298065368,New Customers
17865,31,20,10158.54,2.945356630467185,1.3984657693733336,Champions
17866,143,1,325.7,-1.4049399089984933,0.1847102932624152,Lost
17867,30,6,622.75,0.6240333945142169,-0.06604466661405768,Loyal Customers
17869,107,5,428.18,-0.1710826573354699,0.5299649915703699,Loyal Customers
17870,2,12,1889.4,2.6071841662840027,-0.9032814145630432,Champions
17871,205,1,155.9,-1.8938547408735065,0.14498718217038872,Lost
17873,80,5,1764.36,0.6180062479303216,0.8621996770680196,Loyal Customers
17874,185,6,658.26,-0.03295398700766521,1.091408564436115,Loyal Customers
17877,170,1,237.61,-1.6214366027837486,0.17940445960861784,Lost
17878,44,1,379.45,-0.8880159591968156,-0.49813736626026245,Lost
17879,174,1,178.52,-1.7669401225686117,0.09049585676245389,Lost
17880,365,1,458.92,-1.5965388759553099,0.9013115033774057,Lost
17881,304,1,133.35,-2.1181069656483276,0.33759624945127875,Lost
17883,3,4,671.77,1.1374603352643873,-1.4694985691889404,New Customers
17884,4,4,717.45,1.0838833838594848,-1.3039462666956312,New Customers
17885,12,1,190.19,-0.7448091597191744,-1.5367903521386648,New Customers
17886,32,3,899.61,0.27078464286940634,-0.11092946996201432,Loyal Customers
17887,129,1,111.35,-1.878660802713348,-0.26879450619688056,Lost
17888,21,8,525.78,0.9008734129113671,-0.2472051272785872,Loyal Customers
17889,212,2,203.87,-1.4119573305464708,0.4214708212261856,Lost
17890,323,2,602.09,-1.053349884321018,1.0807627588786521,Lost
17891,162,1,203.86,-1.6764127470896697,0.09347467425867406,Lost
17892,56,3,244.1,-0.5628667462882234,-0.23778127118450126,Lost
17893,225,1,112.25,-2.0858063899565313,0.08512027500936743,Lost
17894,72,8,1119.81,0.8059566762388334,0.7889685862917214,Loyal Customers
17895,44,1,98.0,-1.5346862784644775,-0.9882204611716405,Lost
17896,23,1,256.32,-0.8360272621446596,-1.0394909193535382,New Customers
17897,173,3,541.1,-0.6073414701697987,0.7595573956318891,Lost
17898,85,2,152.06,-1.205989221541533,-0.26033532374494867,Lost
17899,159,1,155.8,-1.7977511526033392,-0.01564457542389472,Lost
17900,190,2,15.0,-2.59516722726548,-0.5759513902295376,Lost
17901,29,1,110.38,-1.3233958923127473,-1.202690319452396,New Customers
17904,21,1,178.92,-0.974705916882076,-1.224976709440834,New Customers
17905,71,4,800.24,0.11868435777619511,0.42874731898204477,Loyal Customers
17906,247,1,72.9,-2.3263029868634213,-0.011319688112536285,Lost
17908,374,1,243.28,-1.9097453459779183,0.686389367698047,Lost
17911,9,1,366.23,-0.3311756922576667,-1.4657064922408785,New Customers
17912,310,5,295.61,-0.7520679064842286,1.0668050234763493,Lost
17913,59,2,411.6,-0.5922995312148499,-0.12784300109774147,Lost
17914,4,1,336.43,-0.1073819217497803,-1.9364817977793727,New Customers
17917,45,3,341.28,-0.32064545315859044,-0.25229949795630885,New Customers
17919,88,1,1304.04,-0.5560978137117527,0.38346495465653113,Lost
17920,4,17,4204.1,3.0904966291239933,-0.16105064005587635,Champions
17921,64,4,826.52,0.1732076813911749,0.3755756617508063,Loyal Customers
17923,282,1,207.5,-1.8784334182473554,0.4500688133264702,Lost
17924,12,7,2894.33,1.8136797027262996,-0.006729877765282501,Champions
17925,373,1,244.08,-1.9071560546575799,0.6858847305503593,Lost
17926,133,2,397.29,-0.9158010036548311,0.3693156113753895,Lost
17928,45,2,212.54,-0.807317459209006,-0.5362711985258324,Lost
17929,11,4,834.5,0.8223805536615422,-0.6933073486566944,New Customers
17930,36,5,1740.48,0.9103933828581261,0.35990503470915536,Loyal Customers
17931,134,2,408.36,-0.9054688383977165,0.3840148699660719,Lost
17932,29,3,1331.57,0.4953462684566734,-0.028798396309056232,Loyal Customers
17934,52,2,704.25,-0.2874659698256376,-0.011431687665205973,Loyal Customers
17935,138,2,145.79,-1.4092567283075512,0.02919236791589428,Lost
17936,5,1,389.84,-0.10635698786179462,-1.7672633890475185,New Customers
17937,9,7,4301.22,2.1040115933360415,-0.029090879322402393,Champions
17939,160,1,99.14,-2.015520181157086,-0.1749259523410027,Lost
17940,49,10,1983.58,1.4061773488140614,0.8350324501652923,Loyal Customers
17941,131,1,304.56,-1.4038776161743818,0.10512804324227305,Lost
17942,8,1,77.5,-1.0321134257418532,-2.094256040189904,New Customers
17946,233,2,149.58,-1.5957229811490692,0.36907353735935894,Lost
17947,37,1,176.68,-1.1892387029064888,-0.8826256539675763,Lost
17948,147,1,358.56,-1.3693564452016227,0.23699056733023585,Lost
17949,1,45,52750.84,5.503147052448516,0.5441014492931016,Champions
17950,72,3,472.12,-0.3413357414764283,0.15868068304387023,Loyal Customers
17951,40,3,990.84,0.2343203763926383,0.061975530195151125,Loyal Customers
17954,5,12,2295.37,2.436186615018212,-0.39249416823362465,Champions
17955,199,4,557.3,-0.4446262362426994,0.9457131871923992,Loyal Customers
17956,249,1,12.75,-3.137167460312945,-0.6184176437162142,Lost
17957,66,1,111.68,-1.6243675831636306,-0.6884573728713281,Lost
17958,117,1,508.46,-1.1155433086575883,0.2200620232335807,Lost
17960,171,1,73.78,-2.1810071607591044,-0.23928252332097505,Lost
17961,21,39,1296.44,2.682168027327533,0.6627763899274297,Champions
17962,142,1,102.83,-1.9529058252369456,-0.23700721395137733,Lost
17964,32,2,471.7,-0.2988957491828838,-0.45780958847387865,New Customers
17965,38,14,2622.57,1.9154016371513862,0.8999205444712419,Champions
17966,38,5,1098.43,0.6693729661260347,0.22588225872068265,Loyal Customers
17967,372,1,123.07,-2.2331306854097654,0.43636929108855993,Lost
17968,374,1,277.35,-1.8470282108231952,0.73391993587908,Lost
17969,166,2,228.2,-1.26523016409813,0.30789254105599645,Lost
17970,211,1,582.59,-1.2738188970713997,0.6414096186195971,Lost
17972,242,1,136.04,-2.021884662404433,0.20056885216255485,Lost
17973,52,1,337.04,-1.0072164857194295,-0.43730169063049035,Lost
17974,25,3,740.79,0.26855035714372866,-0.33288384271175014,New Customers
17975,15,13,4393.61,2.4407458218144145,0.49526192558037213,Champions
17976,372,1,353.19,-1.7292445356630253,0.8182425213777144,Lost
17977,29,1,288.14,-0.8651551384621355,-0.8554097343221588,New Customers
17978,365,1,300.92,-1.7987156122412147,0.7480906152588861,Lost
17979,36,4,737.81,0.3337112971396971,-0.02335885739111509,Loyal Customers
17980,166,3,811.45,-0.39732248604848047,0.8807860499367351,Loyal Customers
17984,145,1,152.68,-1.7724713108880767,-0.08108239467315402,Lost
17985,22,1,634.95,-0.3851653879646443,-0.7371220706479612,New Customers
17986,56,1,20.8,-2.3517497737829007,-1.3890442657831854,Lost
17987,185,1,198.57,-1.7393383629087755,0.16773386259314602,Lost
17988,12,7,191.17,0.5107299753601947,-0.9941783748985102,New Customers
17990,237,3,630.84,-0.653254476537251,1.0141326398058812,Lost
17991,225,2,93.35,-1.8070093281067252,0.17681097975903123,Lost
17994,122,4,629.69,-0.2005951145924929,0.6815293358877844,Loyal Customers
17995,282,1,76.1,-2.3563074898550784,0.08790899709021861,Lost
17997,74,8,1511.3,0.939549509691158,0.9151837551902309,Loyal Customers
17999,37,2,382.06,-0.45372326293263127,-0.44480810593334386,New Customers
18001,12,2,417.23,-0.00230149981011767,-1.0936737070467162,New Customers
18004,362,1,169.47,-2.070147641206011,0.5347802538512726,Lost
18005,4,2,249.72,0.11644583676014422,-1.886449919023826,New Customers
18006,23,1,444.68,-0.572177646743251,-0.8395308589420173,New Customers
18008,70,9,2116.19,1.2173151860297204,1.0439769340435932,Loyal Customers
18009,235,1,252.24,-1.7157641680857085,0.4055597348422525,Lost
18010,257,1,174.8,-1.9250927866425003,0.3292613477101042,Lost
18011,373,1,102.79,-2.3198840804908833,0.3730962474077964,Lost
18013,155,2,187.29,-1.3336778833876746,0.19306845070314294,Lost
18014,28,1,166.42,-1.1146895852609935,-1.0758416269012552,New Customers
18015,4,1,120.03,-0.599899065705845,-2.309738956821791,New Customers
18016,32,5,1483.56,0.8773699621295833,0.22917758989299383,Loyal Customers
18017,81,3,523.0,-0.3366259523631428,0.2696591256560855,Loyal Customers
18018,108,2,122.14,-1.4008896325125648,-0.18908376099260818,Lost
18019,52,1,38.45,-2.039080998575615,-1.2193065838850208,Lost
18022,36,1,668.11,-0.5421311255293401,-0.4168492087729675,New Customers
18024,153,2,236.78,-1.2166582295906965,0.26983143239601687,Lost
18027,99,1,115.31,-1.7619252874253173,-0.4227165928203573,Lost
18030,4,2,220.7,0.05735660204199026,-1.931231060455232,New Customers
18032,334,1,73.5,-2.4371410573882604,0.18249074952560898,Lost
18033,65,1,97.97,-1.6809493045963322,-0.7452312433957805,Lost
18034,22,2,422.88,-0.21352732867018484,-0.726642477735647,New Customers
18035,36,3,730.4,0.1271678400200101,-0.1140699094102037,Loyal Customers
18036,32,3,405.62,-0.1111901898409199,-0.40041145578275117,New Customers
18037,154,6,70.02,-1.033701022075766,0.16454458763101137,Lost
18040,19,2,357.2,-0.24107799400685948,-0.8766439689544678,New Customers
18041,12,21,4161.14,2.902409618423697,0.5199855593890103,Champions
18042,54,1,165.05,-1.362820612312727,-0.6725771056289876,Lost
18043,25,3,559.51,0.1339457843325663,-0.4348947494551196,New Customers
18044,4,10,2085.65,2.308740061024214,-0.6082471402751473,Champions
18045,45,1,189.4,-1.2289160776497217,-0.7361849447960825,Lost
18048,203,2,172.29,-1.4759022558126114,0.3331242335754655,Lost
18050,359,1,74.4,-2.4588318842595145,0.23254647410711823,Lost
18053,71,1,297.07,-1.1845488211043063,-0.28864375630783157,Lost
18055,7,10,6752.14,2.693577943399944,0.11762749597605551,Champions
18056,288,1,363.65,-1.617919737837464,0.6668833413932396,Lost
18058,10,1,170.16,-0.7342357875211544,-1.6831137334392015,New Customers
18059,23,3,296.71,-0.13945021087897488,-0.7160387542772859,New Customers
18061,22,10,2119.41,1.7342355618770529,0.3662407196744778,Champions
18062,173,3,720.52,-0.47000343347629203,0.8636398748587534,Loyal Customers
18064,133,2,814.0,-0.5718632977547268,0.6299709257481451,Lost
18065,6,14,2380.08,2.5241264573289146,-0.22564253711937704,Champions
18066,75,1,318.0,-1.1725781077127586,-0.22962052247780843,Lost
18067,40,1,396.33,-0.8316471738464059,-0.5414215056658567,New Customers
18068,289,1,101.7,-2.2279074986861986,0.20779161841611243,Lost
18069,26,5,2021.82,1.1025382593240345,0.21442887531978275,Loyal Customers
18071,258,2,453.0,-1.1043286610739034,0.8352591132921003,Lost
18073,114,12,3864.44,1.5596485306602546,1.671567536774851,Loyal Customers
18074,374,1,489.6,-1.5747872506233314,0.9402394287661052,Lost
18075,23,10,2538.72,1.804675722955763,0.4589438376435471,Champions
18077,8,11,2633.01,2.2750381491564107,-0.11641427614433202,Champions
18078,217,2,336.13,-1.1815482694809802,0.6175242420399261,Lost
18079,45,4,3651.97,1.018375812476615,0.6966668547610918,Loyal Customers
18080,19,2,1231.5,0.35250039908900305,-0.42679691815680154,New Customers
18081,36,3,343.45,-0.23454483269230925,-0.3881960921493048,New Customers
18082,26,1,703.37,-0.39725408524629624,-0.5981475897117939,New Customers
18084,16,1,87.53,-1.2169937098752455,-1.6467969275992753,New Customers
18085,330,2,689.95,-0.9961759866131629,1.1438399699410629,Lost
18086,274,1,101.34,-2.2093320546537245,0.17280248928517292,Lost
18087,98,2,3770.12,0.2795032810345957,0.9955100671944236,Loyal Customers
18088,61,1,167.67,-1.401006567576061,-0.5908356757432002,Lost
18092,2,11,9065.76,3.2879457878287517,-0.3637523458233075,Champions
18093,93,4,2083.42,0.47622156450368974,0.9460396725240076,Loyal Customers
18094,82,7,3017.3,1.1263718365208228,1.1851465569817985,Loyal Customers
18095,313,2,580.05,-1.0592726024486923,1.0473103351301158,Lost
18096,12,3,911.15,0.632304386163006,-0.6975894020254014,New Customers
18097,8,6,2692.85,1.7986253301351416,-0.31848242813288646,Champions
18099,127,1,168.31,-1.6757463035353117,-0.1293383731028789,Lost
18101,11,2,223.65,-0.270298624637932,-1.370726144608337,New Customers
18102,1,60,256438.49,6.517841475528227,1.2298456333596766,Champions
18104,37,1,754.64,-0.4938863618208733,-0.3556485881900159,New Customers
18105,38,1,113.48,-1.4103050296130408,-1.026164128080798,Lost
18106,330,1,430.7,-1.5886077304418993,0.8144592846309038,Lost
18108,254,1,264.65,-1.7223244392758152,0.4721249563143958,Lost
18109,2,26,7925.32,3.9563802657415974,-0.0963698893988454,Champions
18110,20,1,206.05,-0.8894929511150633,-1.2033760450836837,New Customers
18112,12,2,352.69,-0.08281409240842616,-1.154690672545617,New Customers
18113,369,1,76.32,-2.4572063127268025,0.2590915498186376,Lost
18114,290,1,220.1,-1.860883365468616,0.48912340735071175,Lost
18116,68,8,1418.03,0.9407823925676626,0.8390842264733558,Loyal Customers
18117,26,1,320.72,-0.773670714593778,-0.8834172567898142,New Customers
18118,11,26,5595.77,3.2603245439172714,0.6568775764594829,Champions
18119,368,1,181.12,-2.044647570071628,0.5692514108136525,Lost
18120,214,1,111.15,-2.071458431145014,0.049895583900545944,Lost
18121,149,2,673.1,-0.7060724782983214,0.6324681908718013,Lost
18122,8,6,1826.21,1.6121606591082245,-0.4597958305664368,Champions
18123,24,2,589.44,-0.08614066974956512,-0.5530678349894116,New Customers
18125,30,4,1141.34,0.6105484565743539,0.02298268762612067,Loyal Customers
18126,61,1,206.83,-1.3007198852095998,-0.5148327942003925,Lost
18127,19,3,348.73,0.007465351834983379,-0.7731395440661296,New Customers
18129,243,1,112.55,-2.1137723653055325,0.1347253271138421,Lost
18130,15,3,1045.74,0.619198666752621,-0.5156895996269029,New Customers
18133,212,1,715.5,-1.177055290310797,0.7190901532945945,Lost
18135,29,5,681.91,0.5407317020229762,-0.11400013546655795,Loyal Customers
18136,63,3,761.83,-0.06167853125798009,0.24906100423726507,Loyal Customers
18138,295,1,152.65,-2.0422021795969756,0.3674490689566083,Lost
18139,18,6,8393.22,2.059509263838102,0.5695600233875324,Champions
18142,157,2,1014.9,-0.528877591742136,0.8147605421832655,Loyal Customers
18143,117,2,1000.16,-0.4245299442554841,0.6241533984771959,Loyal Customers
18144,8,12,2888.75,2.3919003470204143,-0.05145920769100358,Champions
18145,13,4,2861.55,1.3550966619382927,-0.14716976512455257,Loyal Customers
18146,141,2,160.35,-1.371974721689654,0.07717430602671226,Lost
18147,46,2,179.34,-0.8966928525823629,-0.5841359262457428,Lost
18149,51,3,612.08,-0.08743752949373854,0.03770733556506967,Loyal Customers
18150,32,3,566.58,0.04900937405797063,-0.279003226983982,New Customers
18151,135,2,653.35,-0.6829753160702001,0.5594512292776198,Lost
18154,3,2,399.19,0.4261936892148439,-1.857861522196193,New Customers
18155,75,3,347.82,-0.503109628594918,0.07328724378965147,Lost
18156,13,2,734.94,0.24088183150715523,-0.8409094880356585,New Customers
18158,9,2,451.75,0.13589075773740933,-1.2313346690446527,New Customers
18159,301,1,530.15,-1.454042012255937,0.8317297297518126,Lost
18160,57,2,638.06,-0.36920088401749485,0.009913015311344957,Loyal Customers
18161,15,5,1612.79,1.1936499246103371,-0.19993553664675506,Loyal Customers
18164,37,1,394.7,-0.8046320326834479,-0.591149113835153,New Customers
18165,177,1,302.46,-1.5212564068759409,0.29239235111317985,Lost
18167,23,3,1355.51,0.5890320778507656,-0.16395395308661403,Loyal Customers
18168,176,6,1133.64,0.2467779144442882,1.2575839222272183,Loyal Customers
18169,61,1,202.65,-1.3104795424382132,-0.5222292107009825,Lost
18170,33,3,980.31,0.3006174490453252,-0.06074019727830539,Loyal Customers
18171,59,5,1208.51,0.5508597587791774,0.534054271427225,Loyal Customers
18172,15,20,7490.17,3.063444546668116,0.8475806293713198,Champions
18173,87,4,2106.84,0.5067525903838099,0.9082411246527736,Loyal Customers
18174,7,1,104.0,-0.8474605758560204,-2.063132105521902,New Customers
18176,358,1,448.65,-1.6000193324741072,0.8808329898589258,Lost
18177,31,6,1314.17,0.9702517540346016,0.2256707668201687,Loyal Customers
18178,129,4,1573.41,0.21772677559110298,1.0496935287500757,Loyal Customers
18179,9,6,1793.17,1.563198633700212,-0.3995624458323629,Champions
18180,5,6,1843.75,1.7714409364701238,-0.7136818709773134,Champions
18181,24,1,382.8,-0.6595551110757317,-0.8680361401583574,New Customers
18183,227,2,600.52,-0.9205382979483245,0.8567684123087616,Lost
18184,15,1,49.8,-1.4606751798735786,-1.8874817834920365,New Customers
18185,249,1,304.25,-1.6480234397473223,0.5101393483443752,Lost
18188,15,3,1998.49,0.9300898138416004,-0.2800788239252095,Loyal Customers
18189,78,2,1084.34,-0.23267098991198895,0.3988637480412718,Loyal Customers
18190,192,2,274.51,-1.2320348862526633,0.4667306188504619,Lost
18191,262,1,207.8,-1.8497804002792515,0.4040705040094208,Lost
18192,72,1,957.97,-0.628501574778188,0.14550333778372362,Lost
18193,165,1,212.96,-1.662493363775637,0.12087274883589014,Lost
18194,82,1,896.0,-0.7095705510301721,0.2026723906279509,Lost
18196,95,2,689.13,-0.5245180107296817,0.3577485133416596,Lost
18198,4,17,5083.06,3.181673761469553,-0.09195148725161531,Champions
18200,106,1,163.8,-1.6203471697177354,-0.25291285754017034,Lost
18202,200,3,1396.99,-0.20731552322102187,1.1959876055261405,Loyal Customers
18203,157,1,160.42,-1.779003345525138,-0.013057610100924424,Lost
18204,71,3,1979.3,0.35162868043807904,0.6711047948876665,Loyal Customers
18205,36,2,517.36,-0.2982520088901856,-0.35162128443382556,New Customers
18209,29,1,139.1,-1.2131983481499775,-1.1191764300936204,New Customers
18210,2,6,2621.38,2.204846531984415,-1.0256015604957358,Champions
18211,26,5,600.07,0.5196102723452489,-0.22734669943143204,Loyal Customers
18212,326,1,248.42,-1.847488281550431,0.6070324439304601,Lost
18213,237,1,232.48,-1.7580083387788787,0.3813411578723349,Lost
18215,89,1,299.34,-1.266037163001262,-0.14424427346320562,Lost
18216,31,1,481.75,-0.6435535411957028,-0.6278423070226461,New Customers
18217,29,2,621.75,-0.13010722824821433,-0.41794650660368193,New Customers
18218,211,2,626.38,-0.8725600883324216,0.8259087145007205,Lost
18219,3,10,2019.77,2.378462366129896,-0.7615635867621414,Champions
18220,227,1,297.78,-1.6231709645562418,0.44387127713451546,Lost
18221,22,5,1033.31,0.8415096467534207,-0.13152924549930087,Loyal Customers
18222,93,1,443.0,-1.094852222088512,0.025663938654241696,Lost
18223,5,14,6315.23,3.051556192640912,0.031657953747497,Champions
18224,264,1,158.95,-1.9806927086176063,0.3118568612788316,Lost
18225,3,12,5361.02,2.998223973916123,-0.34114826721231073,Champions
18226,44,11,5192.1,1.9870888485246476,1.1522750872144287,Champions
18227,218,1,93.75,-2.159476779641633,0.00022070314512269304,Lost
18228,57,2,769.2,-0.2795417715676553,0.07786172736323885,Loyal Customers
18229,12,20,7276.9,3.128788251457316,0.7052697067831353,Champions
18230,9,7,2716.6,1.8833452581450147,-0.19632422415202314,Champions
18231,192,5,2066.17,0.36257133554711857,1.4707597365143337,Loyal Customers
18232,82,4,582.47,-0.08791030632044303,0.40352920876416837,Loyal Customers
18233,326,1,440.0,-1.573730920335074,0.8145011506914747,Lost
18235,72,3,1796.48,0.2998378758179925,0.6445980684204393,Loyal Customers
18236,30,6,882.24,0.7911235016266729,0.060585602911041786,Loyal Customers
18237,3,5,987.1,1.4869012775273553,-1.2584507809636294,New Customers
18239,219,5,1561.61,0.17820240281695995,1.4520038707746796,Loyal Customers
18240,46,1,422.58,-0.8530220394119784,-0.4314423605400027,Lost
18241,10,17,2058.09,2.4466984195765886,0.07947604871535964,Champions
18242,72,4,2232.49,0.605862521890077,0.8107015538242353,Loyal Customers
18245,7,7,2507.56,1.9300302436853147,-0.36709964553653696,Champions
18246,24,2,596.1,-0.08075273149240705,-0.5489845527084963,New Customers
18248,123,2,783.02,-0.5608891042440869,0.566633958189559,Lost
18249,17,1,95.34,-1.198190315293052,-1.5797396399929782,New Customers
18250,310,1,342.92,-1.6740247248371438,0.69214478035995,Lost
18251,87,1,4314.72,0.022732048414662302,0.8116954052201077,Loyal Customers
18252,51,2,526.67,-0.41954069864417276,-0.12912341743385608,New Customers
18255,89,1,103.3,-1.774081375952817,-0.5292687176298738,Lost
18257,39,8,2265.38,1.3737019471659193,0.6634553527940252,Loyal Customers
18259,25,3,2338.6,0.8203189874949427,0.08527742119745584,Loyal Customers
18260,173,6,2595.0,0.6508683673875676,1.5480333108038704,Loyal Customers
18261,43,2,324.24,-0.5882543576527111,-0.41132058250521564,New Customers
18262,140,1,149.48,-1.769284530860931,-0.11086116921436964,Lost
18263,26,3,1211.08,0.49001898066151645,-0.13017527231292203,Loyal Customers
18265,72,2,801.51,-0.3475568388583018,0.2388216705901654,Loyal Customers
18269,366,1,138.9,-2.1692618755144237,0.46979063778024055,Lost
18270,38,2,238.95,-0.6883245557836055,-0.5986041377230817,New Customers
18272,3,6,3064.78,2.170132274364104,-0.7861287607024862,Champions
18273,2,3,204.0,0.47466366069563604,-2.1717651539080784,New Customers
18276,44,1,323.36,-0.964632901467202,-0.5562019891009091,Lost
18277,58,1,97.63,-1.6398278730940714,-0.8176490681329628,Lost
18278,74,1,173.9,-1.456206865250676,-0.45680721294426996,Lost
18280,278,1,180.6,-1.9393551393198163,0.390747495635045,Lost
18281,181,1,80.82,-2.1593493263449224,-0.1706589898081336,Lost
18282,8,2,176.6,-0.27343155729994517,-1.6388816712789644,New Customers
18283,4,16,2094.88,2.704347851687526,-0.43683623510035136,Champions
18287,43,3,1837.28,0.503769006005107,0.331420382719928,Loyal Customers
